,fluxes
12DGR140tipp,-7.102653328810168e-09
13PPDH,-4.0623957933030314e-16
1P2CBXLCYCL,-1.525754542816759e-08
1P2CBXLR,2.1710608197995956e-07
23CTI1,5.0357345288108746e-09
23CTI2,0.3501613299722168
23CTI3,-6.548320220519431e-15
24DECOAR,4.0519105920264525e-14
25DKGLCNt2rpp,2.4236712003408508e-08
25DKGLCNtex,2.423670782524434e-08
26DAHtex,1.9720264173436953e-08
2AGPA120tipp,1.1458912989221022e-09
2AGPA141tipp,2.9524185002737823e-09
2AGPA160tipp,6.70099727545029e-09
2AGPA161tipp,9.624659660969052e-10
2AGPA181tipp,-9.656294834361108e-09
2AGPE120tipp,-1.1893087699888795e-08
2AGPE141tipp,-1.1185473267391272e-08
2AGPE160tipp,-3.015465930780585e-09
2AGPE161tipp,-1.3652374322796688e-08
2AGPE180tipp,-5.942039895371891e-09
2AGPE181tipp,-8.32904646061533e-09
2AGPEAT120,-1.037431367808489e-08
2AGPEAT141,-8.598731670985393e-09
2AGPEAT160,-1.77571474863354e-08
2AGPEAT161,3.48548235132453e-09
2AGPEAT180,-1.5353597926180355e-08
2AGPEAT181,-7.504703338246783e-09
2AGPG120tipp,-9.521217765739095e-09
2AGPG140tipp,-1.3175705665381886e-08
2AGPG141tipp,-8.75989418265121e-09
2AGPG160tipp,7.10959041636991e-10
2AGPG161tipp,-9.637912829253134e-09
2AGPG180tipp,-6.118326492806955e-09
2AGPG181tipp,-4.023905307627064e-09
2AGPGAT120,-1.3128627102410608e-08
2AGPGAT140,-1.3175704330855215e-08
2AGPGAT141,-1.2097579908086409e-08
2AGPGAT160,-9.655117589665816e-09
2AGPGAT161,-1.292267930374623e-08
2AGPGAT180,-1.1853441992884332e-08
2AGPGAT181,-1.1003193669567087e-08
2DDARAA,4.5240856797438266e-15
2DGULRx,2.4236707911401965e-08
2DHGLCK,1.3898318226089032e-08
2DHGLCNkt_tpp,1.3898318133292725e-08
2DHGLCNtex,2.185538793197624e-08
2HH24DDH,-9.117716957240795e-12
2HH24DDH1,4.9593635349274634e-11
2INSD,-1.8507398071824803e-09
2PGLYCt6,-1.571025850445943e-08
34DHPACDO,-1.683587978746236e-09
34HPPOR,3.8959905632143485e-09
34dhpactex,-1.0423459178742619e-10
3AMACHYD,7.609504176520401e-09
3HBCOAHL,2.9402809659569923e-09
3HCINNMH,5.793979700532314e-09
3HPPPNH,-7.451367028955593e-09
3HPTNCOAR,6.8458448812153145
3HSA,-1.371403290564122e-13
3M2OPLOXRD,1.0210742060047316e-07
3MBt2pp,-3.7814375288471696e-10
3MBt4pp,1.838383481698279e-08
3MBtex,1.800568694749296e-08
3OADPCOAT,-1.5231066486612964e-08
3OXCOAT,4.0991201850543086e-08
3PEPTabcpp,1.1143087412780834e-08
3PEPTtex,2.5964289594286614e-08
3SALATAi,-0.14126690074792972
3_4DHBZ1t_pp,1.938434557539491e-08
3_4DHBZt2,1.9384344255207325e-08
42A12BOOXpp,1.042366168905869e-10
4ABUTD,-2.044788145113779
4ABUTabcpp,-2.068295072812338e-08
4ABZGLUH,1.8775491405917282e-08
4ABZGLUtex,1.8775483001896926e-08
4ABZGLUtr,1.8775480485386998e-08
4CMLCL_kt,-2.3241693277167805e-09
4H2KPILY,-9.115936990349072e-12
4HALDD,1.7754292943530517e-09
4HBADH,-4.18271698235627e-08
4HBAt,-1.8993169905197794e-08
4HBCOAH,-1.0641945414547079e-08
4HBHYOX,-2.2051531143409508e-08
4HBZtex,1.9895522060959854e-08
4HOXPACMOF,2.535003005197422e-09
4HOXPACMOF_1,6.21334634637592e-10
4HOXPACMON,-2.3049439977860115e-09
4HOXPACt2pp_1,-1.6835759175519256e-09
4HPRO_LT_Et,1.84996156968156e-08
4HPTNCOAK,-9.484702416004631e-09
4HPTNCOAL,-1.4555139039795945e-08
4HPTNtex,-1.4555130391874582e-08
4HPTNtpp,-1.4555130578188987e-08
4OXPTCOADHx,4.817031116789518e-09
4OXPTCOADHy,2.5338507489891524e-10
4OXPTNtex,5.070433251698167e-09
4OXPTNtpp,5.070431952505236e-09
4PCPpp,4.3715396157969824e-10
4PEPTabcpp,-1.150148630283613e-08
4POPCOAM,-9.484694100386062e-09
4POPCOAM2,-9.484712564408772e-09
4POPCOAM3,-9.48467616997897e-09
4hoxpactex,-1.6835687892589886e-09
5DGLCNR,2.0006515227629292e-07
5DH4DGLCD,-2.278427660841659e-08
5DKGR,1.7582844739152175e-07
5DOAN,-1.2253538998842768e-08
6HNACMO,-2.0312723883749697e-08
A24T,3.117218033267335e-08
A4HBCT,-1.0641953652425406e-08
AAAN,1.0792238335537565e-09
AABTN,-1.1857810088930803e-08
AACLAM,8.527884332810617e-08
AACOAR_syn,-7.135911059598534
AACOAT,1.0484821080558106e-10
AACPS1,-1.485795062790509e-08
AACPS2,-1.0248500171226948e-08
AACPS3,7.107717458834826e-09
AACPS4,-9.334860568118916e-09
AACPS5,-7.002704245136177e-09
AACPS6,-6.076451462657124e-09
AACPS7,-1.0946960855258172e-08
AACPS8,-1.502670215296599e-08
AACPS9,-1.5026702548496285e-08
AACT,-1.8362343384686016e-07
AACTOOR,-1.1527010781220618e-08
AADa,-18.676211414998242
AADb,-18.67621141499824
AALDCDLsi,-2.3353004571204555e-08
AALDH,-1.9385000599728703e-08
AASAD3,1.8362341496157252e-07
AATA,-1.8362341505015798e-07
ABG4t2,0.0
ABTA,3.5053070541120155e-08
ABTt,1.391509276410262e-14
ABUTD,2.0447882148473284
ABUTt2pp,4.4940372131779537e-08
ABUTt2r,4.562024552159174e-09
ACACCT,7.4261629948373256e-09
ACACT1r,60.48025782001397
ACACT2r,1.234458014207461e-07
ACACT3r,1.0163236010769206e-07
ACACT4r,8.659661912814581e-08
ACACT5r,7.735496654802631e-08
ACACT6r,0.3501613841169879
ACACT7r,2.6114745623149456
ACACT8r,-0.35016134751790284
ACAC_Et,-60.48025762938221
ACACt2pp,-4.811619737110974e-09
ACACtex,-4.811619736606301e-09
ACALD,-25.064863608530104
ACALDt,-25.06486338098726
ACCOAC,2.4259208009304514e-08
ACCOAL,2.7977183906030363
ACGAMK,1.8278941880331734e-08
ACGAMPM,1.638986600926553e-09
ACGApts,8.90249524579149e-09
ACGAptspp,1.0359953052045431e-08
ACGAtex,1.035995369893844e-08
ACGK,-2.090570181742923e-08
ACGS,-1.1507702965281397e-08
ACHBS,-2.7093768120528696e-09
ACKr,4.986491766712462
ACLS,-1.8136279402364487e-08
ACLS_a,-1.5648451862033752e-08
ACLS_d,-9.564738465216775e-08
ACLSb,2.332164985097853e-07
ACM6PH,1.8278942108840027e-08
ACMANApts,0.0
ACNAMt2pp,2.3579436199376665e-08
ACNAMtex,2.3579436416058662e-08
ACNML,2.3579434874278693e-08
ACOAD1,0.3849861771348683
ACOAD10f,-5.577746956207169e-15
ACOAD14f,-3.4886281932069507e-15
ACOAD15f,2.2360990959496047e-15
ACOAD16f,4.15107289790205e-14
ACOAD17f,3.348010399352547e-14
ACOAD18f,3.848160692416904e-14
ACOAD1f,13.232858101955193
ACOAD1fr,12.847871905794923
ACOAD2,-12.33920609005625
ACOAD20,-2.225039418728844e-08
ACOAD22f,-1.2352979259325585e-08
ACOAD23f,2.2613131892276486
ACOAD26f,0.3501613299721488
ACOAD27f,0.3501613299721194
ACOAD28f,0.3501613299721986
ACOAD29f,-1.9960604951566975e-14
ACOAD2f,-12.339206213501987
ACOAD3,12.339206054839979
ACOAD30f,-2.0674332063894838e-14
ACOAD31f,-1.8552733042953518e-14
ACOAD32f,-7.971471856950232e-14
ACOAD33f,3.3799209115377046e-15
ACOAD34f,4.8536473682291936e-14
ACOAD3f,-12.339206156472327
ACOAD4_1,-1.9908528063634504e-14
ACOAD4f,-9.1632385246666e-08
ACOAD5_1,1.3886040295441198e-14
ACOAD5f,-0.35016140732719725
ACOAD6,11.468714627318578
ACOAD6f,-14.080189200663161
ACOAD7,2.023901218138708
ACOAD7f,-28.979689873512
ACOAD8f,1.3261842170698221e-08
ACOADH1,1.3450165615962594e-07
ACOADH2,-2.17784439283252e-08
ACOAM,8.52788119874025e-08
ACODA,-1.1507697943579341e-08
ACONCt4pp,8.102578226226365e-10
ACONCtex,1.7546668096446263e-08
ACONCtupp,1.6736405251795603e-08
ACONT,26.02919136913682
ACONTa,9.962719228923563
ACONTb,9.962719246470227
ACOTA,2.090569759165867e-08
ACOXT,-1.867923255380676e-08
ACP1_FMN,-1.2217666807409158e-08
ACPPAT120,2.391652105926378e-08
ACPPAT141,2.437082993432676e-08
ACPPAT160,3.309777281924276e-08
ACPPAT161,2.489019317189925e-08
ACPPAT180,1.790553838785245e-08
ACPPAT181,1.746273655591359e-08
ACPS1,-1.8008844173421118e-08
ACPS1_1,2.100591847315626e-08
ACPpds,2.997084458732043e-09
ACS,13.689719358873639
ACS2,24.60560663685764
ACSPHAC100,-1.5079159922583492e-08
ACSPHAC101,-1.5079163999055537e-08
ACSPHAC120,-1.5079131886286007e-08
ACSPHAC121,-1.1548358617827306e-08
ACSPHAC121d6,-1.5079167531291628e-08
ACSPHAC140,-1.5079169389346496e-08
ACSPHAC141,-1.5079149167739182e-08
ACSPHAC141d5,-1.5079153717792787e-08
ACSPHAC142,-1.507917075649635e-08
ACSPHAC160,-1.507916589232846e-08
ACSPHAC40,1.3036533124656687e-09
ACSPHAC50,-1.5079147074116276e-08
ACSPHAC60,-1.5079143819158835e-08
ACSPHAC70,-1.5079161670451913e-08
ACSPHAC80,-1.5079159962563645e-08
ACSPHAC90,-1.507914741357566e-08
ACSPHACP100,-1.5079145573525005e-08
ACSPHACP40,-1.5079161119795695e-08
ACSPHACP50,-1.5079147289394556e-08
ACSPHACP60,-1.5079155449791236e-08
ACSPHACP70,-1.5079138919226717e-08
ACSPHACP80,-1.5079128578107573e-08
ACSPHACP90,-1.507915604624258e-08
ACSPHACT40,-1.5079173655378046e-08
ACSPHACT60,-1.5079177504554636e-08
ACTD,5.696726224670414e-07
ACTD2,-1.0306740109402585e-09
ACTD_1,10.943403833218426
ACTDa,10.943403262466582
ACTNabc,-2.173071929790641e-08
ACTNabc1,-1.962085062474589e-08
ACYP_2,-2.0943046958207847e-08
ACYSBMNt,-1.9019576074948554e-08
ACt2rpp,-2.1782906614289096e-08
ACt4pp,-2.112673076693506e-08
ACt5pp,-2.263489143591146e-08
ACtex,-6.554452974918019e-08
ADA,2.7086429001648703e-08
ADADir,-1.4087834988502096e-08
ADCL,-1.8788455168392944e-08
ADCPS1,-2.0843188451187773e-08
ADCPS2,-1.0586471029863636e-08
ADCS,-1.8788445402607395e-08
ADD,1.0172871541883368e-10
ADK1,-13.63558273230739
ADK2,13.635582790500242
ADK4,2.0832392093195045e-08
ADMDC,-1.9462080119702446e-08
ADNCYC,-6.371949993556742e-10
ADNK1,-1.1803643682145737e-08
ADNK3,-2.0990599361257574e-08
ADNK4,-1.1811936780123897e-08
ADNUC,-4.9929671927229786e-09
ADNt2,0.0
ADOCBIAH,-3.1429646624898064e-08
ADOCBIK,169.66527287312257
ADPGLC,-1.2360054478523427e-08
ADPRDP,-4.061816192820006e-09
ADPRDP_1,-4.782197437601893e-09
ADPT,-1.7098363935742743e-08
ADSELK,-1.4385273243555771e-08
ADSELR,-1.4385272561543687e-08
ADSK,-1.2949853915745884e-08
ADSL1r,-2.228010137531151e-08
ADSL2r,-2.864877859006357e-09
ADSS,-2.228008471297491e-08
ADtr,0.0
AEPPYRTA,-1.302511957738713e-08
AEPabcpp,-1.302512025583771e-08
AEPtex,-1.3025116190959357e-08
AGDC,7.51855838633511e-08
AGM3PA,7.40468047875973e-09
AGM3PApp,-1.525835500314327e-08
AGM3PH,7.4046812738986674e-09
AGM3Pt2pp,1.4809362286271935e-08
AGM4PApp,-1.1064319926187114e-08
AGM4PCPpp,3.674807850527415e-08
AGM4PH,3.4695724848940785e-09
AGM4Pt2pp,3.469576105007398e-09
AGMDA,2.2510958629339695e-08
AGMH,7.404683496892162e-09
AGMtex,2.2510955561475993e-08
AGPAT120,3.2345237289225236e-09
AGPAT141,3.703380984939197e-09
AGPAT160,1.271689332768741e-08
AGPAT161,4.2472162513819295e-09
AGPAT180,-3.038223416990325e-09
AGPAT181,-3.5013539446529756e-09
AGPATr_BS,-5.191218617923814e-10
AGPR,2.0905702984989815e-08
AH6PI,-47.64946125616124
AHCYSNS,1.9611543142853308e-08
AHCi,-8.680070810834362e-09
AHGDx,-1.1933052998042102e-08
AHMMPS,-2.2834015582808318e-08
AHSERL2,-1.3436997172895947e-08
AI2abcpp,-1.4179986691451606e-08
AI2tpp,-1.4179987137623985e-08
AICART,-1.9413031361101693e-08
AIRC2,-1.986082956346447e-08
AIRC3,1.9860828911221435e-08
AIRCr,1.699596300014268e-08
AKGDH,-1.9708426308267252e-08
AKGDa,33.610893365114805
AKGDb,33.61089336511477
AKGt2r,3.4177230254610368e-09
AKGt2rpp,1.603249859757014e-08
AKGtex,1.6032497836384155e-08
AKP1,-2.2573725507996174e-08
ALAALAD,-2.0800447565528407e-08
ALAALAabcpp,-1.1230707144837677e-08
ALAALAr,-2.0511579453012633e-08
ALAD_L,2.2317099853393153e-06
ALAGLNtr,0.0
ALAGLUE,1.3716736972812866e-08
ALAGLUabcpp,2.260596886214227e-08
ALAGLYtr,0.0
ALAHISabcpp,2.6314060328737003e-08
ALAHIStex,2.6314067673081296e-08
ALAHIStr,0.0
ALALEUabcpp,2.3054181689827577e-08
ALALEUt,0.0
ALALEUtex,2.305418988276336e-08
ALAR,4.1166929719412065e-07
ALAS,-0.6016987144076568
ALATA_L2,3.551189417942155e-09
ALATHRabcpp,2.0429502610197584e-08
ALATHRtex,2.0429499054236185e-08
ALATHRtr,0.0
ALATRPabcpp,2.1864787737034518e-08
ALATRPtex,2.1864788223590565e-08
ALAabc,-2.0442646083582875e-08
ALAabcpp,-2.066492197728483e-08
ALAt2pp,4.8252652624654595e-08
ALAt2r,4.137126572543428e-09
ALAtex,2.7587731163267092e-08
ALCD1,-47.6494612709721
ALCD19,17.77274283568693
ALCD19y,-17.77274280826957
ALCD22_L,15.967229991839348
ALCD2ir,9.712468703203688
ALCD2x,-9.712467984612706
ALCD2y,19.424936687816388
ALCD4,2.1808807081781876e-15
ALDD1,-3.3067464886092003e-09
ALDD19xr,6.888642192772112e-08
ALDD20x,-6.552102723825346e-09
ALDD20y,-4.589600278080285e-09
ALDD2x,-2.0706284928788393e-08
ALDD2y,-2.0937001299193518e-08
ALDD3,-2.1399893266246224e-08
ALDD31,-2.3353002431375306e-08
ALDD31_1,0.0
ALDD3y,-2.1287664733543477e-08
ALDD4,-6.817556790338189e-09
ALDD4x,7.4341047189100354e-09
ALDD5,-8.855051398401643e-09
ALDD6,0.0
ALDH_1,-7.434102400243126e-09
ALGAC4,-4.954201702039149e-09
ALGE6,-4.954248493792303e-09
ALGSex7,-4.95424213402267e-09
ALKP,-1.757616307968181e-08
ALLTAHr,6.102817698406451e-08
ALLTAMH,1.6828789386674262e-07
ALLTN,1.4589046114242448e-07
ALLTNRA,8.958330951783294e-08
ALLTNt2rpp,2.467622183452089e-08
ALLTNtex,2.4676224064514523e-08
ALPHNH,-2.0630438181826525e-08
ALR2,15.9672299756137
ALR3,15.9672299756137
AM3PA,7.4046829952441e-09
AM4PA,3.4695739369714153e-09
AMALT1,0.0
AMALT2,2.448593081722457e-08
AMALT3,2.4485930483295016e-08
AMALT4,2.4485933746577295e-08
AMANAPEr,2.1004240167324736e-08
AMANK,2.1004239387031718e-08
AMAOTr,1.2403549153919132e-14
AMID2,-1.2664208635901894e-08
AMID4,0.0
AMID_1,0.0
AMMQLT8,-6.708493775490712e-09
AMMQT8,7.971749002867454e-09
AMMQT8_2,-1.265190092182401e-09
AMPEP1,7.674815890031644e-15
AMPEP10,1.356937691585997e-15
AMPEP11,0.0
AMPEP12,1.149768155513597e-15
AMPEP13,-1.5943423196579045e-15
AMPEP14,-3.799801737670353e-15
AMPEP15,0.0
AMPEP16,0.0
AMPEP17,0.0
AMPEP18,0.0
AMPEP2,2.2136090186560937e-15
AMPEP3,8.74621981183421e-15
AMPEP4,-5.082290444514004e-15
AMPEP5,7.547393232428627e-16
AMPEP6,-4.417578430864043e-15
AMPEP7,9.873999262276167e-16
AMPEP8,2.350770096616466e-15
AMPEP9,2.9469400703877244e-15
AMPTASEAH,2.6314055862235876e-08
AMPTASEAL,2.305418331116599e-08
AMPTASEAT,2.0429506673345347e-08
AMPTASEATRP,2.1864795286486542e-08
AMPTASECG,-1.6119100151639096e-08
AMPTASEGGLN,2.4350584989933395e-08
AMPTASEGGLU,2.1440138065715575e-08
AMPTASEGM,2.1659490000263106e-08
AMPTASEGS,1.8191188554976838e-08
AMPTASEHG,2.6209430484739017e-08
AMPTASEHH,2.6932351682276538e-08
AMPTASEPG,2.062180047175607e-08
ANDO1,1.4593808499260252e-08
ANDO2,7.3705501166563255e-09
ANHGMtex,2.6322684445848718e-08
ANHMK,1.827894139919818e-08
ANPRT,-1.956205175322754e-08
ANS,-1.0973894719191767e-08
ANS2,1.3376187237465042e-08
AOBUTDs,-9.405521119141786e-10
AOXSr,1.1312679221406324e-14
AP3S,-1.4699603575775593e-08
AP4AH,-1.2274402049756168e-08
AP4AS,-1.2274399778589212e-08
APAT_1,-20.220811652057446
APCt6,3.769154137824083e-08
APCtex,3.769154137927794e-08
APENTAMAH2,-2.4030138249916474e-08
APG3PAT120,2.3916520894665783e-08
APG3PAT141,2.4370819880670673e-08
APG3PAT160,3.3097770547173665e-08
APG3PAT161,2.489019031102323e-08
APG3PAT180,1.790553981038504e-08
APG3PAT181,1.7462740674081898e-08
APPLDHr,1.0586458133080558e-08
APRAUR,-8.334880899858775e-12
APRTO2,-1.1857806648094379e-08
APSR,1.2909106031552363e-08
APTNAT,-4.4824155690163595e-08
ARABR,-1.2946550747792774e-14
ARABRr,1.9798961150810937e-15
ARACHTA,2.610636981884063e-09
ARBT6Pt,1.380929070567544e-15
ARBTpts,0.0
ARBabcpp,-1.6086944207011807e-08
ARBt2r,0.0
ARBt3ipp,-1.608694305841605e-08
ARGAGMt7pp,-2.2510947902962796e-08
ARGDI_1,-6.849259028052201e-09
ARGDr,-4.252559582396764e-09
ARGN_1,2.939355989232087e-08
ARGR,2.21936200796077e-07
ARGSL,-1.4020900440500947e-08
ARGSS,-1.402091742667088e-08
ARGabc,-2.044691885941919e-08
ARGabcpp,2.2510959496864785e-08
ARGt2r,2.4154973510284932e-08
ARGt5r,2.1203364348091887e-08
ARUH,-2.2727297416444473e-07
ASAD,5.779004169876748e-08
ASCBPL,0.0
ASCBpts,0.0
ASNN,-4.074983173169251e-09
ASNN_1,-7.185360209720318e-09
ASNNpp,-3.3442328485846032e-09
ASNS1,-2.0715971346383287e-08
ASNS2,-1.811208521960546e-08
ASNabc,-2.008942811296301e-08
ASNt2r,1.1851510502890763e-08
ASNt2rpp,3.4123117900205296e-08
ASNtex,3.0778887583834804e-08
ASO3t2pp,1.1101785152966266e-08
ASO3t4pp,5.2803879530457975e-08
ASO3t8pp,-2.0856389129068124e-08
ASO3tex,-4.304926825373649e-08
ASO3tex_1,-2.161566157409355e-08
ASO4rt2rpp,3.4788006337901886e-08
ASO4t4pp,1.3354394927306994e-08
ASO4tex,2.1433601042364376e-08
ASP1DC,-2.1573244736558942e-08
ASP3H,-2.4457738234475894e-08
ASPA2,0.1412669007479299
ASPCT,-2.157450746466312e-08
ASPK,-5.7790000358168196e-08
ASPO1,-1.3984268615629048e-08
ASPO5,-3.100937889293055e-09
ASPO6,-1.7249290678063553e-08
ASPT,0.32512312596752563
ASPTA,-0.32512287043117544
ASPabc,-2.0304080275556524e-08
ASPabcpp,-1.983434727606971e-08
ASPt2_2pp,-9.043681151030189e-09
ASPt2pp,1.661851464802252e-08
ASPt2r,2.222744396000965e-09
ASPtex,-8.915276704867034e-09
ASR,-1.0956183768633691e-08
ASR2,3.2389785505321005e-08
ATAH_1,-8.342560758406372e-08
ATPHs,-1.5655358481145497e-08
ATPPRT,-1.6548178895053466e-08
ATPS4rpp,291.2808309857928
AT_MBD2,-1.839065203003153e-08
BALAt2pp,-1.5498552933051735e-08
BALAt2r,-1.7727587415222544e-08
BALAtex,-1.5498550265988804e-08
BCOALIG,1.6776004952016072e-08
BCOALIG2,1.6770626436185815e-08
BCT1_syn,-2.4859741550877657e-08
BDH,4.946725586467065e-09
BEF,-3.2450270072017444e-09
BETALDHx,1.3026248819149562e-09
BETALDHy,5.136222774788904e-09
BGLA,-2.553300428112143e-16
BG_CELLB,0.0
BKDA2,1.8390655393918434e-08
BKDC1,1.0210743330945983e-07
BMNMSHS,-1.901957733996293e-08
BMNt,1.9019570722736745e-08
BPNT,-9.7994521405245e-09
BPNT2,-1.4538600953944506e-08
BSCT,2.0908400178273264e-08
BTDD_RR,-2.5065131674862395e-15
BTNTe,-2.0809637880639832e-08
BTNt,-2.0809673717190434e-08
BTS,-1.9600137477500128e-07
BTS2,-1.0112475314834969e-08
BTS3r,9.407171081953603e-09
BTS_nadph,1.9600137923531532e-07
BUPN,3.600931189332124e-08
BUTCT,-1.9202236695374436e-08
BUTSO3abcpp,-6.81755781739497e-09
BUTSO3tex,-6.81756259130998e-09
BUTSabc,0.0
BUTt2rpp,-9.590097850424574e-09
BUTt4pp,-2.7945749200620483e-09
BUTtex,-1.2384669480190514e-08
BZ12DOX,-1.1257369946698946e-08
BZALCt2pp,-2.0473718218244962e-08
BZALCtex,2.047371883388939e-08
BZALDH,-2.047372278888203e-08
BZDH,-2.0473709532286418e-08
BZDIOLDH,-1.1257367613076414e-08
BZSCD,-9.573868803908933e-09
BZSCT,-9.57388303395891e-09
BZSS,-9.573880188389226e-09
BZt,-1.023547451892513e-08
BZt1pp,8.282035008421692e-09
BZt2_pp,-9.73860525266386e-09
BZtex,-1.4565557233145383e-09
C4HP,1.775384067887393e-09
CA2abc,-2.1076192332971846e-08
CA2abc1,-2.0771475317694368e-08
CA2abcpp,-2.1073613156932643e-08
CA2tex,-2.1073612626000592e-08
CAATPS,-1.7815524610798932e-08
CARBSARAH,2.3257667441501017e-08
CARNabcpp,2.604250997645312e-08
CARNtex,2.6042512196872814e-08
CAT,87.52181863376386
CATDOX,-9.322391301230988e-09
CATpp,1.0423605492866742e-10
CAt4,2.156709689084465e-09
CBMD,7.609505217938961e-09
CBPAH,2.2510947927852144e-08
CBPS,-2.4493607627890676e-08
CD2t3pp,3.68274166136312e-08
CD2t4pp,3.032837068600213e-08
CD2tpp,6.715578740905045e-08
CDAPPA160190,-1.4578861428881674e-08
CDAPPA190,-1.4578859708039968e-08
CDGUNPD,-2.120307370721799e-08
CDPMEK,-5.812335554960444e-09
CDPPT160,7.675357323946553e-09
CGLYabcpp,-7.390590554827983e-09
CHCD,-1.3841502747815103e-13
CHCOAL,0.0
CHLabc,-1.8781477366280328e-08
CHLabc_rev,-2.1975307012113655e-08
CHLabcpp,-1.6288215615206696e-08
CHLt3pp,-1.6288209096687683e-08
CHOD,0.0
CHOL1,0.0
CHOLCOA,-1.3594437334992455e-13
CHOLD,1.9190157156381247e-10
CHOLD3,3.0019305261883644e-09
CHOLSH,0.0
CHOLSabc_1,0.0
CHORM,-1.5311620372980986e-08
CHORS,-2.4405490075016798e-08
CHSTEROLt_1,0.0
CIGAMS,-1.901957562346086e-08
CITACt,1.827751294495765e-08
CITL,-1.0167461895525139e-08
CITt14,-1.2195147552089724e-08
CITt4pp_1,-4.884822624489249e-09
CITt_kt,-8.245516072278492e-09
CITtex,-8.117624378552009e-09
CITtupp,5.012712110390185e-09
CLPNH140pp,-2.2068149283420434e-09
CLPNS140pp,-2.2068142250069548e-09
CMCBTFL,1.1113389425056394e-08
CMCBTFU,1.1113391154407579e-08
CMCBTFtex,-2.586679207805605e-08
CMCBTFtpp,-2.5866794985842586e-08
CMCMSAD,9.182469265331457e-11
CMHMI,9.18268315223877e-11
CMLDC,-3.5845024368510346e-09
CMt2ex,1.1355909965584066e-07
CMt2ppi,9.301737853685221e-08
CMtex,1.3061370192697087e-07
CMtexabc,-2.05417204607129e-08
CMtpp,3.75963233740217e-08
CO2t,-212.93571284886832
CO2tex,-37.49387309872319
CO2tpp,-175.44184103047462
COBALT2abcpp,-2.0143294488922943e-08
COBALT2t3pp,4.0155576357443016e-08
COBALT2tpp,7.423709082022229e-08
COBALTt4pp,3.298394018331098e-08
COBALTt5,-1.7151354781533507e-08
COCO2,-4.8934493567347084e-08
COabc,-1.7153259023004526e-08
COt_1,-4.8934491376366935e-08
CPPPGO,-1.8999160455290994e-08
CPPPGO2,-6.832040070802241e-09
CREAT,2.3712100757553525e-08
CREATtex,2.3712105041258195e-08
CREATtpp,2.3712095300420363e-08
CRNDH,9.433188898740983e-09
CRNDt2rpp,4.423005141396993e-08
CRNabc,-2.1523637279140202e-08
CRNabcpp,-2.160989847367663e-08
CRNt2rpp,8.336647100366324e-09
CRNt8pp,4.423004459357188e-08
CRNtex,3.0956816631576265e-08
CRO4abcpp,-1.630127597515136e-08
CRO4t3pp,-1.630127608026009e-08
CRTNIH,2.3257671622487262e-08
CRTNtex,2.325766517591999e-08
CRTNtpp,2.3257665044636374e-08
CS,35.9919106355959
CSND,4.011006993532164e-09
CSNt2,0.0
CTBTabcpp,-1.9385578404268454e-08
CTBTt2rpp,1.9385579827843552e-08
CTECOAI6,2.2613131892275966
CTECOAI7,24.34431409305834
CTECOAI8,-0.35016136077973653
CTI1,-5.271544206367022e-15
CTPS1,-8.238543025909027e-09
CTPS2,-1.776356213128021e-08
CU2t4pp,-1.3860345458935307e-08
CUabcpp,-1.3860344875264883e-08
CYANST,2.1926955340929534e-08
CYANt2pp,2.1926955382733452e-08
CYANtex,2.1926971045238374e-08
CYO1b,1.1772849107929635e-09
CYP1,0.0
CYP2,0.0
CYP3,0.0
CYS,5.553991435738621e-08
CYSK2_I,1.894104828426217e-08
CYSS,-2.050871624560184e-08
CYSTA,2.6482567287050046e-08
CYSTGL,2.931144977816502e-08
CYSTL,1.6451649773894092e-07
CYSTS,9.133084722018146e-08
CYSabc,0.0
CYSabcpp,-1.4200739898027223e-08
CYSt2r,0.0
CYStpp,-1.420074051118686e-08
CYTBD,24.023008209141057
CYTBD2,9.507186752815189
CYTD,-5.573979855647723e-09
CYTDH,-8.864113461093347e-09
CYTK1,-7.212864059758123e-08
CYTK2,-2.0798941757849785e-08
CYTOM,-1.2875118740748518e-08
Clt,-9.912661458223489e-11
Cobalt2abcppI,-2.1240869073380052e-08
Cotpp,-4.893449029722831e-08
Cuabc,-2.0670992910155084e-08
Cut1,-2.0657496354000076e-08
D4DGCD,-2.1132079080784976e-08
D5KGK,-1.8507413848026827e-09
D5KGPA,-1.850736336936967e-09
DAAD,2.318619168531832e-07
DAAD12,9.31206888910427e-09
DAAD2,2.2193618955581805e-07
DAAD4,0.0
DAAD5,-1.5257539300634157e-08
DAAD7,2.3236359398138384e-07
DAAD8,1.1905092538434132
DABAAT2,2.445773570354907e-08
DACL,2.294847419367918e-15
DADA,1.1097636039358404e-10
DADNt2,0.0
DAGK140,-7.1026549408583605e-09
DAGK160,-7.1588903537943614e-09
DAGLIPA160ex,0.0
DAGLIPA180ex,0.0
DAGLIPA181d9ex,0.0
DAGLIPA182d9d12ex,0.0
DALAabcpp,-2.08615338254023e-08
DALAt2pp,3.526734129525145e-08
DALAt2r,0.0
DAPDA,9.600858611734826e-16
DAPDC,6.044854361291416e-08
DAPE,1.1865900651435313e-08
DAPabcpp,1.97202663795458e-08
DARBabcpp,-1.618255653611386e-08
DARBt3ipp,-1.6182556517364e-08
DASYN120,2.0886377942893316e-09
DASYN140,-2.2068161291713846e-09
DASYN141,7.509507764202554e-10
DASYN160,-1.1430048163236463e-09
DASYN160190,-1.457886177469147e-08
DASYN161,3.2847576846661744e-09
DASYN180,4.108965485247019e-10
DASYN181,6.154945807075054e-09
DASYN190190,-1.4578861833980581e-08
DATPHs,-6.237580905956914e-10
DB4PS,-1.6655694597819755e-11
DBTS,-2.3527950539308493e-15
DCAtex,-2.1473399510860114e-08
DCTPD,-9.441219499718473e-09
DCTPD2,-1.144482655534328e-08
DDGALK,6.813010619157367e-09
DDGLK,7.580974000466735e-08
DDPA,-2.18226264554374e-08
DDPGA,1.8499622085910372e-08
DDPGALA,6.813012423068287e-09
DESAT16,26.605627347311895
DESAT18,-2.045756490472197e-08
DESATPE160,-1.7137854129029142e-08
DGAK,2.0042121391644947e-08
DGK1,-3.275876816692036e-08
DGNSK,-1.7782865010975596e-08
DGUNC,-2.12030746350846e-08
DHACOAH,3.9365754127450484e-08
DHAD1,2.1508019602477078e-07
DHAD2,7.139439344307442e-08
DHAD3,5.895219591143239e-09
DHAK,-8.590010420796918e-10
DHAPT,-1.671716356771076e-08
DHBD,-2.3188030196560873e-08
DHBS,-2.356564675933858e-08
DHBSH,-3.776074631919861e-10
DHBZS2H,1.3768942519300426e-08
DHBZS3H,1.3768945772423827e-08
DHCINDO,5.7939769102792996e-09
DHDPRy,1.186589824642057e-08
DHDPS,1.1865901927034152e-08
DHEDAA,1.0093003909308864e-10
DHFR,-4.014719542032414e-09
DHFS,-1.2986569074960933e-11
DHNAOT,-1.9232193829233486e-12
DHNCOAS,4.12175535149954e-09
DHNCOAT,4.121792604202093e-09
DHNPA2r,-1.683685265361861e-08
DHNPA_1,1.6823870351173643e-08
DHORD2,-4.603412000590031e-09
DHORDi,-1.6971081596599583e-08
DHORTS,3.5539638884218405e-08
DHPACCOAHIT,1.6856511843656862e-08
DHPDO,1.7754117027985577e-09
DHPM1,3.600931269384095e-08
DHPPDA,-6.357457076338872e-11
DHPPDA2,5.5238641508929734e-11
DHPS,3.2089427098311274e-08
DHPS2,-1.6836852512902044e-08
DHQS,-2.1822626367694587e-08
DHQTi,-2.182262755659706e-08
DHR_1,1.3965160264224605e-08
DHSKDH,-8.45464309531559e-09
DIPEPabc1,0.0
DIPEPabc10,0.0
DIPEPabc12,0.0
DIPEPabc13,0.0
DIPEPabc14,0.0
DIPEPabc15,0.0
DIPEPabc3,0.0
DIPEPabc8,0.0
DKDID,-1.850743904809628e-09
DKGLCNR1,2.4236711365511437e-08
DLYSAD,2.2188878643288363e-07
DLYSPYRAT,-2.218887700074061e-07
DMALRED,48.071886004612246
DMATT,-2.1340525605878325e-09
DMGDH2,1.2627008134867225e-08
DMPPS,1.7614785548298575e-08
DMSO2abcpp,-1.2769026835573253e-08
DMSO2tex,-1.2769028675798953e-08
DNMPPA,2.256073271111324e-08
DNTAep,0.0
DNTPPA,2.2560730134194334e-08
DOP1,2.023033883283522e-08
DOP2,1.094184818797225e-08
DOPAtex,1.0423453429287319e-10
DOPDH,-4.3916355762423744e-08
DORNabcpp,1.5914624956074066e-08
DORNtex,1.591463002905362e-08
DPCOAK,2.8239549040843485e-09
DPR,-9.436001015964873e-09
DRBK,0.0
DRIBabc,0.0
DRIBtex_1,-1.2253535032667706e-08
DRPA,-9.623053243727576e-09
DRU1Ptex,-1.9462071517207147e-08
DSERDHr,-1.1905092404141573
DSERt2,-2.9527241751487777e-09
DSERt2pp,1.9210166754207667e-08
DSERtex,1.9210171425274358e-08
DTARTD,-1.3379867794464268e-08
DTBTST,7.053012121739314e-10
DTMPK,-2.145800093290208e-08
DURADx,-3.6009311876690176e-08
DURIK1,-1.091544005506845e-08
DUTPDP,-9.005449972119196e-09
DVALabcpp,9.312058976229309e-09
DVALtex,9.312071661470788e-09
DXPRIi,-5.812342697876714e-09
DXPS,-2.205448172023883e-08
DXYLK,-7.787753260589603e-09
DXYLUDtex,-1.0411861497704688e-08
DXYLUDtpp,-1.0411875048026423e-08
D_LACt2,0.0
E4PD,-3.820011208087044e-09
ECHA191,3.095296131760212e-14
ECHA192,-4.2086666952795265e-14
ECHA193,-8.427986508642091e-14
ECHA20,-1.3885337793776488e-13
ECOAH1,-1.8286313874008995
ECOAH12,2.9402643700618257e-09
ECOAH14,-5.222946341450159e-15
ECOAH15,5.939499289185146e-07
ECOAH16,2.417214342453008e-07
ECOAH17,2.4173009298467077e-07
ECOAH18,2.417301018193011e-07
ECOAH19,2.4173011224912056e-07
ECOAH1_1,5.395801035874865
ECOAH2,1.2344573036427664e-07
ECOAH20,9.626468559912161e-15
ECOAH21,2.417300970410145e-07
ECOAH22,1.9434618531141474e-14
ECOAH23,5.939499218572703e-07
ECOAH25,1.2352981330920976e-08
ECOAH26,-2.2613131892275793
ECOAH27,-5.939251963414426e-07
ECOAH28,-5.035733839388988e-09
ECOAH29,-0.350161329972156
ECOAH3,1.0163236071834473e-07
ECOAH30,-0.3501613299721688
ECOAH31,-0.35016132997224947
ECOAH32,-2.825607167316643e-15
ECOAH33,1.5718330448742276e-14
ECOAH34,-7.264690806729791e-16
ECOAH35,4.646061017528707e-14
ECOAH36,1.054517684909069e-14
ECOAH37,1.4071818175129385e-14
ECOAH38,-5.939251798026558e-07
ECOAH4,8.659661391356405e-08
ECOAH5,7.735497409858062e-08
ECOAH5_1,9.39995278159101e-15
ECOAH6,0.3501613841169815
ECOAH7,2.6114745623149545
ECOAH8,0.35016134751785183
ECOAH9ir,8.849849566840971e-08
EDA,38.18501195890502
EDD,38.18501188309529
EHGLAT,1.8499621860202253e-08
ENO,147.12234490917874
ENTCS,-7.855206418219366e-09
ENTERES,-1.3894818308816322e-08
ENTERES2,0.0
ENTERGLCT1,-2.1024304300772715e-08
ENTERGLCT2,-2.1024290192793043e-08
ENTERH,1.3768935928807629e-08
ETHAAL,-2.8964582267802838e-09
ETHAt2pp,2.180084254690372e-09
ETHAtex,2.1800821551584915e-09
ETHSO3abcpp,-1.0815791621269802e-08
ETHSO3tex,-1.081578626540733e-08
ETHSabc,0.0
F1PP,-2.1319360667287963e-08
F6PP,-1.930399680349123e-08
FA100ACPHi,-1.5026703031704444e-08
FA120ACPHi,-1.7416017897434975e-08
FA140ACPHi,-1.4857951351430417e-08
FA141ACPHi,-1.7655262754341406e-08
FA160ACPHi,-1.832607250102976e-08
FA161ACPHi,-1.7829299604597112e-08
FA80ACPHi,-1.502670300509973e-08
FACOAE100,-7.19601945014125e-09
FACOAE120,-1.3390102748360493e-08
FACOAE140,-1.0042805246317421e-08
FACOAE141,-1.9555328963428695e-08
FACOAE160,-9.773104853866224e-09
FACOAE161,1.070945103632437e-08
FACOAE180,-1.4369018880612192e-08
FACOAE181,-1.0851316466968353e-08
FACOAE1829Z12Z,-1.5079146129141498e-08
FACOAE50,-9.285689597106557e-09
FACOAE60,-1.507915239189677e-08
FACOAE70,-1.507914516657777e-08
FACOAE80,2.1212463020355442e-10
FACOAE90,-1.5079143019136643e-08
FACOAL100t2pp,-2.147339745362709e-08
FACOAL120t2pp,-2.026843763178133e-08
FACOAL140,-7.927870678524547e-09
FACOAL140_ISO,-1.0161746121168712e-11
FACOAL140t2pp,-1.3175687492458544e-08
FACOAL141,-2.5624270099348197e-09
FACOAL141t2pp,-1.6992940413146695e-08
FACOAL150_ISO,-2.0760939045381865e-10
FACOAL150_anteiso,-3.528128041320099e-10
FACOAL160,6.245388686755163e-08
FACOAL160_ISO,-5.184842840508658e-11
FACOAL160t2pp,-1.803998692081133e-08
FACOAL161,-1.963567626050058e-08
FACOAL161t2pp,-2.232783245706806e-08
FACOAL170_ISO,-7.256039304986464e-11
FACOAL170_anteiso,-1.7649745436593377e-10
FACOAL180,-2.6060502654126646e-09
FACOAL180_2,-3.113586126292326e-11
FACOAL180t2pp,-1.8958623836118395e-08
FACOAL181,-1.1545087866801192e-08
FACOAL1812,-1.507916337437435e-08
FACOAL181d11tpp,-1.2352955409988299e-08
FACOAL181d6t2pp,0.0
FACOAL181t2pp,-9.656300335858829e-09
FACOAL1821,-1.507915363420134e-08
FACOAL182t2pp,0.0
FACOAL200,2.6106200397991076e-09
FACOAL50i,-1.8140773895530994e-08
FACOAL50t2pp,-2.1839565619224458e-08
FACOAL60i,-1.507916593538886e-08
FACOAL60t2pp,-2.1813370356345286e-08
FACOAL70t2pp,0.0
FACOAL80,-1.9036257571435106e-08
FACOAL80t2pp,-2.1654079143521887e-08
FACOAL90i,-1.5079169431540152e-08
FACOALP50t2pp,0.0
FACOALP60t2pp,0.0
FACOALP70t2pp,0.0
FACOALP80t2pp,0.0
FACOALPREPH,-2.381652258494173e-08
FACOAL_70_c,-1.5079164017590666e-08
FADB2,-4.382802150645893e-14
FADB3,-9.696620801355258e-14
FADD17,0.0
FADD3,2.1001156481724437e-10
FADE233,4.649706387427548e-08
FADE281,0.0
FADE282,-7.50021310935514e-14
FADE30,-1.2816599742328457e-13
FADE51,-5.0036038969761574e-17
FADE52,-7.759052368913119e-14
FADMQOR,48.22103989949423
FADRx2,0.41572009197755055
FALDtpp,1.1381660899612251e-08
FALDtpp2,1.1381660898398578e-08
FAO1,-1.510010152895256e-08
FAO10,-1.9925785448601328e-08
FAO11,-2.1041552178012587e-08
FAO2,-1.5666825998825574e-08
FAO3,-1.3678875209389988e-08
FAS100,5.7738821743053025e-09
FAS120,-1.4221442058600995e-09
FAS140,2.178804799032425e-08
FAS160,4.552625309810544e-08
FAS161,-1.9817684936648028e-08
FAS180,1.0200455653419218e-08
FAS181,-2.1186929568983067e-08
FAS200,7.831827980522269e-09
FAS80_L,-1.3474543392307925e-08
FASm220,5.221196620534869e-09
FASm240,5.221198960359787e-09
FASm260,5.2212073905940085e-09
FASm280,5.2212166497634715e-09
FBA,45.931834871508094
FBA2,2.9710258594787944e-08
FBA3,-8.936308153754804e-16
FBACS,-2.4457737828394578e-08
FBACabcpp,-2.4457738794244367e-08
FBP,-1.0090321088312374e-08
FCLPA,-9.287886515725144e-16
FCLT,-1.2599559762543453e-08
FCLT2,-1.3231659322201296e-08
FCOAH2,-1.8679225267292612e-08
FCOAHA,5.697591541422011e-09
FDH,-2.1144977686429533e-08
FDMO,1.6684121277193923e-09
FDMO1,0.0
FDMO2,7.2639295090942135e-09
FDMO2_1,0.0
FDMO3,-1.0815794830709065e-08
FDMO3_1,0.0
FDMO4,-6.817561526558155e-09
FDMO4_1,0.0
FDMO5,-8.855065006358226e-09
FDMO5_1,0.0
FDMO6,-7.407780408246502e-09
FDMO6_1,0.0
FDMO7,-1.2768996318165289e-08
FDMO_1,-2.003298905608579e-08
FDMOtau,0.0
FE2Gabcpp,-2.3256601786640785e-08
FE2abc,-2.0203883544683732e-08
FE2abcpp,-1.9763098175252395e-08
FE2t,1.2400800627537274e-07
FE2t2pp,-2.0981733631451857e-10
FE2t3pp,3.019383553250055e-08
FE2tex,-1.1935597544030024e-07
FE3DCIT2abcpp,0.0
FE3DCITCH,-8.466777651287975e-09
FE3DCITR5,-4.233389390580186e-09
FE3DCITabc,0.0
FE3DCITabcpp,0.0
FE3DCITtonex,0.0
FE3DHBZS3R,0.0
FE3Gabcpp,-2.3720798258688984e-08
FE3PYOVDL2,-1.2222811244844509e-08
FE3Ri,2.815281519643765e-09
FE3abc,-2.066954139497038e-08
FE3abcpp,-2.2211843546589928e-08
FE3t,7.533779175289535e-08
FEDCabc,-2.2833864292146416e-08
FEDHBZS3R1,0.0
FEDHBZS3R2,0.0
FEDHBZS3R3,0.0
FEENTER2tpp,-2.0119989305798386e-08
FEENTERES,0.0
FEENTERR1,0.0
FEENTERR2,0.0
FEENTERR3,0.0
FEENTERR4,0.0
FEENTERabcpp,0.0
FEENTERtex,1.3294951827268853e-08
FEENTERtonex,0.0
FEENTERtpp,3.3414972450004156e-08
FEOXAMR1,0.0
FEOXAMR2,0.0
FEOXAMR3,0.0
FEOXAMUtex,0.0
FEOXAMUtpp,0.0
FEOXAMabcpp,0.0
FEOXAMtonex,0.0
FEROpp,-1.14831542930374e-08
FERULCOAS,5.69756743395512e-09
FERtex,5.697583076715197e-09
FERtpp,5.6975815500490714e-09
FETRANS,1.323166356281499e-08
FFSD,2.324135630818056e-08
FGFT,9.161163251888134
FGLU,-3.173898245935139e-10
FLVR,0.0
FLVRx,0.0
FMNAT,-3.6769736200599e-12
FMNRx,-2.3188478212627113e-08
FMNRx2,-2.3155438829159786e-08
FMNRy,-2.003294622492491e-08
FNOR,-8.297870320852394e-09
FOLD3,-1.5265560917730633e-08
FOMETRi,19.8763969027308
FORAMD,-3.1739290388627507e-10
FORCT,1.8679236441238587e-08
FPRA,1.0132956883029121e-07
FRD,1.4630453899619818e-07
FRD2,41.92617582775745
FRD3,0.5187280453716907
FRDx,3.608406044853659e-08
FRTT,2.024560283237001e-08
FRUK,9.84624129165036e-09
FRUpts,3.1213401429116105e-09
FRUpts2,-1.340310946514822e-08
FRUpts2pp,-1.3355918862522168e-08
FRUptspp,1.5115795617696115e-08
FRUt3,2.1739533434754342e-08
FRUtex,2.3499412811097594e-08
FTCD,1.427136979818534e-07
FTHFCL,-2.1144493910533186e-08
FTHFD,-1.1707526173369038e-08
FUCpts,0.0
FUM,36.317034308747445
FUMAC,-1.679504753289123e-08
FUMt1pp,9.638312959970977e-09
FUMt2_2,0.0
FUMt2_2pp,-9.638313002488304e-09
FUMt2r,0.0
G1PACT,-2.0130387054232277e-08
G1PP,-1.5727401212240246e-08
G1SAT,0.6016986618956327
G3PAT120,-2.0681997358311816e-08
G3PAT141,-2.0667435974496816e-08
G3PAT160,-2.0380871915235244e-08
G3PAT161,-2.0642977900558025e-08
G3PAT180,-2.0943767345205158e-08
G3PAT181,-2.0964087273416888e-08
G3PCT,-2.757205169371815e-08
G3PD1ir,2.4259573186075333e-07
G3PD5,3.0056884041533644e-07
G3PEabcpp,1.730177079697312e-08
G3PEtex,1.730177184741047e-08
G3PGabcpp,-1.1218230893683612e-08
G3POA_BS,-5.191343726002941e-10
G3PT,-1.876536055868293e-08
G5SD,-9.016125079484025e-09
G5SD2,-6.999116332772921e-09
G6PBDH,71.24457217276854
G6PDA,2.3150086657878735e-07
G6PDH2r,-34.34895858125327
G6PI2_2,2.4691774447366065e-16
G6PP,-1.584639499030833e-08
GAD2ktpp,-7.957070543459225e-09
GADOX,2.265551685810711e-09
GALCTD,1.0240737916416976e-08
GALCTND,6.8130071279664605e-09
GALCTNt2pp,9.830871076688347e-09
GALCTNt2r,-3.0178542955309557e-09
GALCTNtex,9.830867470627383e-09
GALCTt2rpp,1.0240736038684844e-08
GALCTtex,1.0240737273842658e-08
GALK2,0.0010514362719141626
GALKr,-0.0010514176494281677
GALM,0.0010514362719141585
GALM1,-2.0042123021037315e-08
GALM2,0.0
GALMAN4,0.0
GALMAN4abc,0.0
GALMAN6,0.0
GALMAN6abc,0.0
GALS3,2.361795042725754e-08
GALT,1.8622481577159235e-08
GALTpts,0.0
GALURDH,1.495506965662261e-15
GALURt2r,0.0
GALUi,1.1616528055116024e-07
GALabcpp,0.0
GALpts,-6.565734116534265e-16
GALt2,-4.995460951955881e-09
GALt2_3,0.0
GAMpts,0.0
GAPD,145.9318356689674
GAPDi_nadp,1.4003234960985916e-08
GAPP,-1.9586551807938345e-08
GARFT,9.161163240726637
GART,-1.4537412914117532e-08
GAt1,2.2655475569311212e-09
GAt2pp,2.2655511056067624e-09
GBDM,1.2627009835379887e-08
GCALDD,-2.1178579413671756e-08
GCCa,31.668985073314065
GCCb,31.668985073314076
GCCc,31.668985073314065
GCVHADPr,-8.84401382969367e-09
GCVHRADPr,-8.844011001417051e-09
GDBTALDH,-5.336788866182752e-09
GDH1,-8.884046262327036
GDOCBIK,-169.66527286253614
GDPDPKE,-1.983777928570777e-08
GDPMANNDH,-2.4771212953327795e-08
GDPTPDP,-1.3659379177336057e-08
GDTPR,-1.9837784287269083e-08
GF6PTA,1.3618490099169152e-07
GG15DAPAH,-2.0794015980942142e-08
GG15DAPDxr,-2.0794016295024106e-08
GG15DAPO,-2.0794015833801272e-08
GG15DAPS,-2.0794015929352148e-08
GGDAPAH,-1.6688438244419947e-08
GGDAPDxr,-1.6688431493635994e-08
GGDAPO,-1.6688434914465266e-08
GGDAPS,-1.6688435232431916e-08
GGGABADr,9.015230084853103
GGGABADxr,-9.01523010154154
GGGABAH,-1.6688440860486896e-08
GGLUCT2,-8.728510034138852e-09
GGSPMDO,-1.66884370269398e-08
GGSPMDS,-1.6688437461962757e-08
GGTT,2.0245601175747974e-08
GHMT2r,-1.1905091968191195
GK1,-1.5698713084012213e-07
GLBRAN3,6.182218859743807
GLCADpts,0.0
GLCBPP,71.24457217276854
GLCDpp,1.2893982261819172
GLCE,71.24457217276854
GLCMAN4,0.0
GLCMAN4abc,0.0
GLCMAN6,0.0
GLCMAN6abc,0.0
GLCNt2r,0.0
GLCNt2rpp,1.2893982341389887
GLCOAS,-1.8420945030111173e-08
GLCRAL,1.5373781557912212e-08
GLCRD,-1.765122992003849e-08
GLCRD_1,-2.1132079681027472e-08
GLCRt2r,3.2501283383153245e-09
GLCRt2rpp,1.6681582209422566e-08
GLCRtex,1.6681589486185442e-08
GLCURDH,-5.8715023152561755e-08
GLCURS1,5.020355754206712e-15
GLCURt2r,3.404993994594214e-09
GLCURt2rpp,1.3689717920825992e-08
GLCURtex,1.3689729824053053e-08
GLCabc,-1.323058759932503e-08
GLCabcpp,-1.7239180103274328e-08
GLCpts,9.940881159031628
GLCptspp,-8.312316863101634e-10
GLCt2pp,88.76972064608746
GLCtex,90.05911885419893
GLDBRAN3,6.1822188738847395
GLGC,-1.2360052015396183e-08
GLMS_syn,-5.047339034151288e-10
GLNS,-7.926287603787794e-09
GLNabc,-1.6557383769655227e-08
GLNabcpp,-1.8028519250642824e-08
GLNtex,4.02369561309781e-08
GLS,0.0
GLS2,0.0
GLTPD,-2.083542443176045e-15
GLU5K,-1.6015233173278317e-08
GLUABUTt7,-1.2288880108276918e-08
GLUABUTt7pp,2.4257429827375124e-08
GLUCAN2abc,0.0
GLUCANabc,0.0
GLUCYS,-1.6119114623167993e-08
GLUDC,-1.7648331760493464e-08
GLUDxi,-11.305985467698912
GLUDy,24.239502578045876
GLUDy_1,11.008992508381079
GLUN,-5.0262973112271614e-09
GLUNpp,5.8265478637319666e-08
GLUPRT,-2.5698913791229076e-08
GLUR,1.514565239660261e-08
GLUSfx,-2.1360936202867615e-08
GLUSx,3.764817186890514e-09
GLUSy,7.346453041829023e-08
GLUTARH,-2.529019291600857e-08
GLUTARt2rpp,1.11302796222368e-09
GLUTARtex,1.1130357564876257e-09
GLUTCOADHc,-1.8420921940287445e-08
GLUTRR,0.601698643035688
GLUTRS,0.6016984056750775
GLUTRS_3,2.373606103586369e-07
GLUabc,-1.9791402556685165e-08
GLUabcpp,-1.958997697883792e-08
GLUt2r,7.752286634562416e-09
GLUt2rpp,2.571940077351172e-08
GLUt4,6.517518149490807e-08
GLUtex,-2.0488035886292093e-08
GLXCL,3.951388017494895e-08
GLXO1,2.0675425111127687e-08
GLYALDDr,-1.7293650734779496e-08
GLYAT,1.0429381671954269e-08
GLYBACT1r,9.433164009689058e-09
GLYBCOAT,9.433197409651394e-09
GLYBabc,0.0
GLYBabcpp,-2.113989634675836e-08
GLYBt2pp,3.738890297690133e-08
GLYBt2r,0.0
GLYBt3pp,1.6249010057652595e-08
GLYC3Pabc,0.0
GLYC3Pabcpp,-3.449137846048873e-09
GLYCAt2rpp,-1.2443171716743062e-08
GLYCAtex,-1.2443173341311812e-08
GLYCK,2.998628165342735e-08
GLYCK2,1.1905092312601708
GLYCL,34.20882527230673
GLYCLTDx,0.518728117742051
GLYCLTt4pp,-1.8500630756934e-08
GLYCLTtex,-1.8500632153875175e-08
GLYCL_2,64.68730141974704
GLYCS_I,-5.377338128951824e-09
GLYCS_II,-5.377335525514288e-09
GLYCTO1,-1.0394059178476278e-08
GLYCTO2,5.0950683392487366e-08
GLYCTO3,1.01602606624649e-07
GLYCTO4,0.5187279201933364
GLYCYSAP,-9.336361032060972e-16
GLYCYSabc,0.0
GLYCtpp,2.2068139278056822e-09
GLYDHDA,-1.7793191787107725
GLYGLNabcpp,2.4350584368295432e-08
GLYGLNtex,2.4350576694680987e-08
GLYGLNtr,0.0
GLYGLUabcpp,2.1440139939945487e-08
GLYGLUtex,2.1440140051260608e-08
GLYGLYCNc,-1.3651644876803643e-08
GLYGLYGLNtr,0.0
GLYK,1.8451230936796584e-08
GLYK1,1.0086055537668336e-08
GLYLEUAP,3.7206087278408535e-15
GLYLEUtr,0.0
GLYMETabcpp,2.1659494425447144e-08
GLYMETtex,2.1659496031594936e-08
GLYMETtr,0.0
GLYO1,-2.182364677580743e-09
GLYOX,1.0075983040069843e-08
GLYPHEAP,-4.566073444455339e-15
GLYPHEHYc,1.203965875898986e-08
GLYPHEabcpp,1.2039659167056618e-08
GLYPHEtex,1.203968179065909e-08
GLYPHEtr,0.0
GLYSERabcpp,1.819118601120343e-08
GLYSERtex,1.8191181164557702e-08
GLYTYRAP,-3.577276342351233e-14
GLYTYRabc,0.0
GLYabc,0.0
GLYabcpp,-2.044954438228423e-08
GLYt2pp,3.0485504540800024e-08
GLYt2r,0.0
GLYtpp,1.0035960715112347e-08
GMPS,-1.9690923560754085e-08
GMPS2,-2.06432718496557e-08
GND,-1.9306058411511796e-08
GNK,1.2893982380835445
GNNUC,-4.9824889463264346e-09
GNP,-2.0292153497526106e-08
GOX,-2.632741949673324e-09
GPDDA2,-9.185021639521405e-10
GPDDA4,2.2092103621706053e-08
GRTT,-2.1340536440504513e-09
GRXR,-6.576452427811182e-09
GSEALD,1.885994603086369e-08
GSNt2,2.177793469558844e-08
GSNt3pp,-4.612686769416878e-09
GSNtex,4.61268570307303e-09
GTHOr,-15.721006339425353
GTHPi,-1.4768802610154552e-08
GTHRDHpp,-7.39059384887526e-09
GTHRDabc2pp,-2.3049060425452082e-08
GTHRDabcpp,-1.5658462135785442e-08
GTHRDt2_1,0.0
GTHS,-1.6119117146192918e-08
GTMLT,-8.728508463162974e-09
GTPCI,-1.2995922043540765e-11
GTPCII,-6.357042905013556e-11
GTPCII2,5.524649607587315e-11
GTPDPK,-1.3659377121237235e-08
GTPH1,-2.499592437526624e-08
GTPHs,-2.0394487057257105e-08
GUACYC,-1.9199396486849014e-08
GUAD,3.649016763382661e-08
GUAPRT,-1.817210699324395e-08
GUAt,3.6512980404115897e-09
GUAt2pp,1.6197034504949126e-08
GUAt2r,5.558325446968606e-09
GUAtex,1.61970273508588e-08
GUDBUTNAH,-5.336794918732851e-09
GUI1,7.580973700772738e-08
GalMr,-2.0042121586307763e-08
GluForTx,1.4271368717255937e-07
H2CD,3.42077976182979e-07
H2CO3D,-54.92407854523242
H2CO3D2,54.92407854523241
H2CPD,3.4207796452242285e-07
H2CT,3.420779613574474e-07
H2Ot,-129.95405958532083
H2Otex,-133.30631528096336
H2Otpp,3.352254492542539
H2St1,8.376257237380639e-08
HACD1,12.969638618120038
HACD10i,-9.518166017088427e-15
HACD11i,5.9394990734692e-07
HACD12i,2.4172141497082815e-07
HACD13i,2.4173009809699434e-07
HACD14i,2.417300925498508e-07
HACD15i,2.4173009688424883e-07
HACD16i,2.3494368068044998e-14
HACD17i,2.417301012341268e-07
HACD18i,1.7061436044293728e-14
HACD19i,5.939499037415836e-07
HACD1_1,5.395801035874785
HACD1i,1.8545269205762853
HACD2,6.803054240395966
HACD20i,-1.2352929645087002e-08
HACD21i,2.261313189227622
HACD22i,5.939251815340563e-07
HACD23i,5.035741389243607e-09
HACD24i,0.35016132997216437
HACD25i,0.3501613299721756
HACD26i,0.35016132997220434
HACD27i,2.5331933771783836e-15
HACD28i,9.538436507195139e-15
HACD29i,-7.710076280033905e-15
HACD2i,6.8030541169502285
HACD3,6.803054177084142
HACD30i,3.0146572531850236e-15
HACD31i,4.236806392633455e-15
HACD32i,-8.191941459984693e-15
HACD33i,5.939252042973459e-07
HACD3i,6.803054075451754
HACD4,6.803054145858066
HACD4i,6.803054059261467
HACD5,6.803054088266161
HACD5i,6.803054010911141
HACD6,6.998858654105381
HACD6i,6.648697269988301
HACD7,8.29183601541063
HACD7i,5.680361453095652
HACD8,3.3155516537020766
HACD8i,2.9653903061842075
HACD9,8.849852648735509e-08
HACOADr,7.434104324539592e-09
HADPCOADH,5.622225329655102e-08
HADPCOADH3,0.0
HBCE,3.5687347800333424
HBCH,6.7818822055681515e-06
HBCHLR,-3.5671762586451314
HBCO_nadp,-9.375001523029178
HBRCH,-1.9616406152533235e-08
HBZOPT,1.1991142956888348e-10
HCINNMt2rpp,5.79398161318506e-09
HCINNMtex,5.7939757565213135e-09
HCITI,-1.836234149507289e-07
HCO3E,-82.38611506509208
HCO3tex,-2.485973817971805e-08
HCYSMT,-6.8840158819133765e-09
HDAD,-1.6097740709486352e-13
HEMEOS,-2.2520222979649803e-09
HETZK,3.622945485605555e-08
HEX1,17.525148588566072
HEX1_1,-4.252695399093207e-09
HEX4,-1.3494920794528507e-08
HEX7,2.4145578887331083e-08
HEXSabc,0.0
HEXTT,2.02456095995378e-08
HG2t3pp,4.908954710415802e-08
HG2tppi,4.908954710425654e-08
HGNTOR,-1.679504195556124e-08
HHDDI,5.1343517270368935e-11
HIAA,-1.326535987058668e-13
HIAt,1.4681019847467657e-13
HIBD,-4.493839148643328e-09
HICITD,-1.8362341493650146e-07
HIPA,-2.1018894651325326e-10
HIPB,2.100522634188957e-10
HISDr,1.4239628236665713e-07
HISGLYabcpp,2.6209436311480537e-08
HISGLYtex,2.620943297817875e-08
HISHISabcpp,2.69323650087318e-08
HISHIStex,2.6932364709570127e-08
HISTD,-7.220235908891786e-09
HISTDa,-9.327950421531242e-09
HISTDb,-9.327946419180082e-09
HISTP,-7.197659365915049e-09
HISTP_1,-9.350529187476283e-09
HISabc,1.3246336213396029e-08
HISabcpp,1.260616155570121e-08
HIStex,1.2606166477114458e-08
HIUH_c,8.958331134352298e-08
HKNDDH,-7.451373170622788e-09
HKNTDH,5.793981347154792e-09
HKtpp,-1.9450001410250904e-08
HMBS,-6.56400705322382e-09
HMEDR,-2.0793441373261805e-08
HMEDS,-2.079343042465935e-08
HMGCOAS,5.334627850863545e-09
HMGL,-1.4431299650449365e-08
HMGL_2,-1.408428363923557e-08
HMPK1,1.1610519524191529e-08
HMPK2,1.1580097069069275e-08
HMPK3,1.1468651823585288e-08
HMPK4,-1.863968744093796e-08
HMPSCD,-9.573865733453365e-09
HMR_0188,-1.633194769093855e-08
HMR_0260,-1.507916248962725e-08
HMR_3951,-2.3361398488206297e-08
HMR_6515,2.648256714411711e-08
HMR_9610,-1.4348916372273154e-08
HOMt2pp,1.0284370298962759e-08
HOMtpp,1.0284370407041456e-08
HOPNTAL,-1.6573923856229487e-09
HOPNTAL2,-1.3321550600859995e-13
HPA3MO,-7.595777787190948e-10
HPACt2r,0.0
HPAtexi,0.0
HPHACA,-2.0691023745670676e-08
HPPK,-1.5265558891605436e-08
HPPK2,-1.6836858747539546e-08
HPPPNDO,-7.451370827334371e-09
HPPPNt2rpp,-7.45137088604961e-09
HPPPNtex,-7.451374546759513e-09
HPROb,-1.8499625024236663e-08
HPYRI,-2.8839533318430077
HPYRP,-1.2157776077970414e-08
HPYRRx,4.074462415983906
HPYRRy,1.5754471841101052e-07
HSA,-1.4378265385761945e-13
HSAC,-1.2667219327330015e-13
HSAE,-1.3955146194504628e-13
HSDy,4.519818795436006e-08
HSERTA,-1.3436984755808475e-08
HSK,-1.4724450557090852e-08
HSTPT,-1.6548192692909673e-08
HVCD,6.845844921394588
HXAND,7.41085242219624e-08
HXANt2pp,1.9555557715702154e-08
HXANt2r,5.230660073490763e-09
HXAtex,-2.1813384744758353e-08
HXPRT,-1.4067436095611858e-08
HYD1pp,-1.9810381839212966e-09
HYD2,4.566151195936129e-08
HYD2pp,4.856705543454981e-10
HYD3pp,1.2056109987375053e-08
HYXNtex,1.955555656869327e-08
ICAPt,3.4207796843006535e-07
ICCT,3.4207796419333117e-07
ICDHx,-0.4869623069903364
ICDHyr,34.69955373267056
ICHORS,7.29233466609701e-09
ICHORT,-2.3188029796007952e-08
ICITt4pp,-7.703607494478645e-09
ICITt_kt,-1.0312832819981144e-08
ICITtex,-1.8719763589312217e-08
ICITtupp,-7.033189264620841e-10
ICL,1.7793191712070568
IDOND,-2.3301615755984154e-07
IDOND2,2.0877944625277625e-07
IG3PS,-1.654818996202948e-08
IGPDH,-1.6548187712111415e-08
IGPS,-1.9562060588706046e-08
ILEDHr,-5.895214654994057e-09
ILEDHr_1,-4.679300770309404
ILETA,3.083129852605737
ILETA2,-1.5961709342785373
ILEabc,-1.9208579264196685e-08
ILEabcpp,-1.8889138593161336e-08
ILEt2r,4.6749578422255165e-08
ILEtex,-1.888913662845776e-08
IMPC,1.941306905733476e-08
IMPD,-9.324151407556866e-09
IND3ACtex,-1.114171497433136e-08
IND3ACtpp,-1.1141712962183069e-08
INDOLEt5,1.384117611719205e-08
INDOLEt6,3.7691541868814446e-08
INDOLEtex,3.769154476078589e-08
INOSR,-4.185621173632782e-07
INS2D,3.9547737471360397e-07
INSCR,-2.1233989275068378e-08
INSH,-3.6527303898170652e-09
INSTabc,0.0
INSTt2,0.0
INSt2,2.1543929941035917e-08
INSt3pp,-4.567218761223727e-09
INStex,4.567219648139938e-09
IPDAB,-2.1019661905271141e-10
IPDDI,-1.9748827412378296e-08
IPDPS,-2.6336876474429973e-09
IPMD,2.2630126599283497e-07
IPPMIa,-2.2630127297128902e-07
IPPMIb,-2.2630127095034864e-07
IPPS,2.263012618009425e-07
ISETACabcpp,1.6684204550613391e-09
ISETACtex,1.6684263624840396e-09
ISOAML,-1.4140929297509268e-08
ISTNTabc,0.0
IVCS,1.8005680590716883e-08
IZPN,7.173525305763888e-08
IZPN_1,7.066103304649304e-08
KARA1,-2.1508015840973216e-07
KARA2,7.728945602098153e-08
KAS1,-1.0421504201647794e-11
KAS11,-7.261918411800293e-11
KAS12,-1.7634798692160478e-10
KAS13,-2.3274282879569284e-08
KAS17,-2.1441613793367266e-08
KAS2,-2.2240521808206816e-08
KAS3,-2.0751288016228991e-10
KAS4,-3.5294367115826507e-10
KAS6,-5.1856135759363894e-11
KAS7,-1.9621077044745024e-08
KAS8,-2.259963270404316e-08
KAT10,-9.692094799775794e-15
KAT16,2.0664094691223864e-14
KAT18,2.81105129194605e-14
KAT20,-1.2352947081726556e-08
KAT21,2.2613131892275975
KAT23,5.035757415865435e-09
KAT24,0.3501613299721586
KAT25,0.35016132997217325
KAT26,0.35016132997221844
KAT27,7.701084246588514e-15
KAT28,8.746585029493165e-16
KAT29,-3.7638637051245197e-14
KAT30,-1.3314551562853494e-14
KAT31,-1.3232749265965124e-14
KAT32,-1.2943394154877742e-14
KAT33,6.845844881215277
KG6PDC,0.0
KGD2,1.728319483582382e-08
KSH,-1.1217767284124825e-13
KSTD,-1.186296763132839e-13
Kabc,-2.0914479835902195e-08
Kabcpp,-2.0856471557979976e-08
Kt1,6.363384422181493e-08
Kt2pp,2.7828331110084613e-08
Kt2r,9.331292236329418e-10
Kt3pp,5.8287492025465446e-08
Kt3r,8.209111703413703e-09
L2OA,3.420779666356273e-07
LAAL1,-1.3651645167379002e-08
LACZ,0.0
LACZpp,0.0
LADGMDH,1.3716739168944484e-08
LALALGLUtex,2.2605966285061692e-08
LALDO,4.802912933832365e-09
LALDO2x,4.802905074086115e-09
LALGP,3.632270441749348e-08
LAT,1.8362341567145252e-07
LCADi,-1.6225652563251463e-08
LCARR,-2.5188566183493853e-07
LCARS,-15.967230113628787
LCARSyi,1.3801510319928405e-07
LCTSabc,0.0
LCTSt3ipp,0.0
LCYSTabc,0.0
LDGUNPD,-2.1203076569740667e-08
LDH_D,-0.7818881595231869
LDH_D2,2.087506664455513e-08
LDH_L,-2.5081796759745236
LEULEULAPc,2.405551487235403e-08
LEULEUabcpp,2.4055520644779528e-08
LEULEUtex,2.4055526720022757e-08
LEUTA,5.652993582933903
LEUTAi,1.3164305576665484e-06
LEUabc,0.0
LEUabcpp,-1.9663601439018336e-08
LEUt2r,0.0
LEUt4rpp,1.9663601117658165e-08
LEVUACOAL,5.070418578394459e-09
LGTHL,5.273067234848966e-09
LIPO1S24_BS,7.067956787279097e-12
LIPO2S24_BS,-7.975583977406119e-13
LIPO3S24_BS,2.776392580551301e-12
LIPO4S24_BS,-4.332414785176411e-12
LLEUDr,-5.652992192193499
LMN2,0.0
LMN2abc,0.0
LNLCtexi,0.0
LPLIPAL1A180pp,-3.449124860666465e-09
LPLIPAL1G160pp,-1.1218224792963638e-08
LPLIPAL2A120,1.1458869113752646e-09
LPLIPAL2A141,2.9524247175871207e-09
LPLIPAL2A160,6.700994488951118e-09
LPLIPAL2A161,9.624638981165583e-10
LPLIPAL2A181,-9.65629510454112e-09
LPLIPAL2E120,-1.5187710391007285e-09
LPLIPAL2E141,-2.5867363077500952e-09
LPLIPAL2E160,9.171648450741904e-09
LPLIPAL2E161,-1.7137854089696502e-08
LPLIPAL2E180,-5.324215851783593e-09
LPLIPAL2E181,-8.243371399386853e-10
LPLIPAL2G120,3.6074037897001126e-09
LPLIPAL2G141,3.3376914020245385e-09
LPLIPAL2G160,1.036608215180205e-08
LPLIPAL2G161,3.284757710428799e-09
LPLIPAL2G180,5.7351152166883e-09
LPLIPAL2G181,6.979281426307592e-09
LSERDHr,1.1905092170611538
LTDCL,-1.1141715808930542e-08
LTHRK,-1.0586474063095977e-08
LYSDC,-2.079401561513908e-08
LYSGLUGLYtr,0.0
LYSMO,-2.4030138569088686e-08
LYSabc,-2.068947621883933e-08
LYSabcpp,-1.5660729361934508e-08
LYSt3pp,-1.5660727501427334e-08
LYSt3r,1.1569876245368264e-09
LYSt5r,4.6068418247150946e-08
L_LACD,1.1772849110805678e-09
L_LACD2,3.4402835293295915e-08
L_LACD3,5.2478304221162446e-08
L_LACD3_1,5.6474692932407094e-08
L_LACt2r,-1.3107944535354189e-08
L_LACt3,3.2900676637334847
LacR,-0.7818881670030389
M1PD,1.6603966805157268e-15
MACACI,-1.6795045175164184e-08
MACCOAT,8.849849917925895e-08
MAGLIPA160ex,0.0
MAGLIPA180ex,0.0
MAGLIPA181d9ex,0.0
MAGLIPA182d9d12ex,0.0
MAK,-2.82818628593605e-08
MAL6PG,1.8935557863240866e-08
MALDDH,-1.6249069535517944e-08
MALDt2_2pp,-1.6249070452329287e-08
MALDtex,-1.6249072706221524e-08
MALEI,-2.0312727334971968e-08
MALS,-1.0429185309546342e-08
MALT,-1.759419814780502e-08
MALTHPabc,0.0
MALTHXabc,0.0
MALTHXabcpp,0.0
MALTHXtexi,0.0
MALTT,-1.4140930423291752e-08
MALTTRabc,0.0
MALTabc,0.0
MALTabcpp,0.0
MALTpts,0.0
MALTptspp,0.0
MALTtexi,0.0
MALt2_2,-1.9545545946210247e-08
MALt2_2pp,-1.7914731335554596e-08
MALt2r,-1.5919154636733054e-08
MALt4,-1.2553348317985347e-08
MALtex,-1.7914729325987527e-08
MAN1PT,-2.0542757381630753e-08
MAN1PT2,-4.228453860722676e-09
MAN6PI,2.2240883623195696e-08
MANA1,0.0
MANA2,0.0
MANA3,0.0
MANAO,-7.580974288482133e-08
MANTTRabc,0.0
MANpts,-1.0015792185519914e-09
MANptspp,-1.5287309147356593e-09
MANtex,-1.5287293025035133e-09
MB2CFO,-1.5023272326541138e-09
MBCOAi,-2.3180973902649775e-08
MCBTS3,-2.5866771943164797e-08
MCCC,-2.3180960608248018e-08
MCD,8.021434354977739e-07
MCITD,3.171412019439571e-09
MCITL2,3.171405023785281e-09
MCITS,3.171400777324415e-09
MCSNAH,-1.287511975833457e-08
MCTP1App,1.0558979276336803e-08
MCTP1Bpp,-1.1230684914752611e-08
MCTP2App,1.2699134889313462e-08
MDDCP1pp,-4.760922329468157e-09
MDDCP2pp,1.2699088995703912e-08
MDDCP3pp,-2.239881928168358e-08
MDDCP4pp,-7.0788988014692614e-09
MDDCP5pp,-1.1230693749827773e-08
MDDEP1pp,7.938162403184308e-09
MDDEP3pp,1.5319881853996894e-08
MDDEP4pp,1.269914371102108e-08
MDH,-20.197956758752003
MDH2,5.230782500239721
MDH3,3.2123224540652857
MDH3_1,4.492132047067773e-08
MDNTHAep,0.0
ME1,-7.575566849959077e-09
ME2,-5.1255181666230854e-09
MECDPDH4E,1.4981100676512472e-08
MECDPS,-5.812346584001441e-09
MEHLER,-1.695472540574354e-08
MELIB_Et,2.361794855686899e-08
MELIBt2pp,9.689127831092696e-09
MELIBt3ipp,9.689125687863098e-09
MEOHtex,-47.64946127097209
MEOHtrpp,-47.64946127097209
MEPCT,-5.812350576358415e-09
METAT,-2.078811540634866e-08
METDabc,0.0
METS,-1.4477854490774953e-08
METSOX1abc,0.0
METSOX2abc,0.0
METSOXR1,0.0
METSOXR2,0.0
METSR_R1,0.0
METSR_S1,0.0
METSRabc,0.0
METSabc,0.0
METabc,7.338991177235724e-10
METabcpp,-1.8639415798744864e-10
METtex,-1.8638744632355586e-10
MFUMt8,0.0
MG2tex,1.9033654895518308
MG2tpp,1.9033655103799385
MG2uabcpp,-2.0828108224104183e-08
MGCH,-2.3181015090356054e-08
MGt5,1.9033654897170493
MHPGLUT,-1.045237361858899e-08
MHPGLUT2,1.0452372554771142e-08
MI1PP,4.263664412975642e-09
MI1PS,-3.4116860989632137e-09
MI3PP,-1.9673052828738055e-08
MI3PS,-1.9673055396602853e-08
MICITDr,3.1714252060178918e-09
MLDCP1Bpp,-1.1944891105126029e-08
MLDCP2Bpp,-1.4021467642785671e-08
MLDEP2pp,-1.1230684628984452e-08
MLTGY1pp,1.2804173300217452e-08
MLTGY2pp,-9.154118933582595e-09
MLTGY3pp,-1.4021465496697594e-08
MLTGY4pp,1.269913776913877e-08
MLTP1,2.44859348465405e-08
MLTP2,2.4485934823075302e-08
MLTP3,2.448593193936827e-08
MMCD,5.071717097851185e-09
MME,3.8163915118910574e-08
MMM2,3.816390255304668e-08
MMSAD1,-4.493835446738185e-09
MMSAD2,4.268741083240022e-08
MMSAD3,-1.5475242964666354e-08
MMTSAO,7.434096704012022e-09
MN2t3pp,4.678696910976054e-09
MN6PP,-1.3494920302742179e-08
MNLpts,0.0
MNNH,7.580974001292256e-08
MNabc,-1.851623012840964e-08
MNabc_1,-1.6597560798532684e-08
MNabc_rev,-1.7854252259803143e-08
MNt2pp,2.127625310731168e-08
MOBDabc,-1.9725057643104525e-08
MOBDabc_rev,-1.9725057740418443e-08
MOHMT,-9.43600772313654e-09
MOTH1,-1.4140928554687916e-08
MOTS1,-1.4140928368154204e-08
MPTG,-1.0371433135222752e-08
MPTG2,1.2699120237098899e-08
MSHAMID,-1.901957720405926e-08
MSHS,-1.9019570266127815e-08
MSO3abc,0.0
MTAM_1,-19.876396881586256
MTAN,-1.6903567120012245e-08
MTAP,-2.558499153864633e-09
MTHFC,9.161163209601826
MTHFD,-3.8576264943290256e-07
MTHFD2i,2.0076269196586304e-07
MTHFR2,-6.191865279708097e-09
MTHFR3,-8.286010451988466e-09
MTI,6.065821806810187e-08
MTRI,-1.946207171128907e-08
MTRK,-1.6903575266240995e-08
MUCCYCI,-9.322390346270814e-09
MUCCY_kt,-5.908674530014591e-09
MUCLI,-9.322379417691397e-09
MXYLt5,3.7560335757872106e-08
MXYLt6,3.762867063712068e-08
MYCTR,-15.721006326064968
MYCTR2,15.721006326064959
M_XYLtpp,3.756033530697239e-08
M_Xylt1,7.51890001883624e-08
Mn2t,6.488138134791953e-10
N2Otex,2.001665969865519e-08
N2Otpp,2.0016657995015906e-08
NABTNO,-1.18578120714208e-08
NACHY,-2.031272598968368e-08
NADDP,-1.697862809017282e-08
NADH10,3.0289957043920456e-08
NADH5,209.842692620225
NADH9,1.0537528724309518e-07
NADHHR,-1.3777920635994662e-08
NADHPO,-1.783214690331504e-08
NADHXD,-1.3777917785843151e-08
NADHXE,1.3777920766452356e-08
NADK,-2.446687939287969e-12
NADPHHR,-1.3777920546084173e-08
NADPHQR2,1.2634440822754497e-08
NADPHQR3,1.5937505229270188e-08
NADPHXD,-1.3777922244811189e-08
NADPHXE,-1.3777920674271332e-08
NADS1,-2.1190327293007184e-08
NADTRHD,2.2817484739870343e-07
NAKtr,3.9160935683440946e-08
NAPRT,-2.2739987237246196e-08
NARK,-2.153835253337237e-08
NAabc,-2.1345363397101913e-08
NAabcO,-1.9760988410014477e-08
NAt,3.469253265102721e-08
NAt3_1,1.751328416374875e-07
NAt3_2,-7.95604533317116e-09
NAt3_2pp,3.157286527948282e-09
NAt3pp,4.4885680033266616e-08
NBAHH_ir,2.6042507393669235e-08
NDPK1,361.6385518765824
NDPK2,7.876385779281437e-08
NDPK3,-8.272347571953378e-08
NDPK4,-2.1458010962788972e-08
NDPK5,-2.449720572690659e-08
NDPK6,1.0988546446107399e-08
NDPK7,-1.8827381817731384e-08
NDPK8,9.350286758764995e-09
NFMLDF,-2.0312724764818407e-08
NH3c,2.1249462513510426
NH4OHDs,5.455999595823299e-08
NH4t,-3.2713073696501824e-06
NH4tex,-3.1482296566296344e-07
NH4tpp,-2.5969324708770956e-07
NHFRBO,-2.001665735030416e-08
NI2abcpp,-2.0454098712926976e-08
NI2t3pp,3.549296445966642e-08
NI2t4pp,2.9291074869886632e-08
NI2tex,2.1373145540523844e-08
NI2tpp,8.687589785855252e-08
NI2uabcpp,-2.1172811777603446e-08
NITR,-1.8380722037856945e-08
NIabc,-2.13731456744223e-08
NMNAT,-4.669816091124913e-09
NMNDA,-1.3586787069437047e-10
NMNHYD,-1.2172949743467203e-08
NMO,4.158049552211336e-09
NMTHDA,2.3257665289364575e-08
NNAM,-2.1016950209672854e-08
NNATr,-2.1190317256124507e-08
NNDPR,-2.0350227506705773e-08
NO3abc,-2.0669593917111072e-08
NO3abcpp,-2.0933359147450842e-08
NO3t,6.539590133293796e-08
NO3tex,-2.093335008807718e-08
NODOx,1.92429023670817e-08
NODOy,1.0368245558459944e-08
NOX,-1.3636018911126246e-08
NOt,1.9189013311146838e-08
NP1_1,-2.2035762828654208e-08
NPHS,-7.86432785176664e-09
NPHSa,3.740626903210089e-09
NPHSb,3.74064594410823e-09
NT5C,-2.203576198663563e-08
NTD1,-1.0915439028145626e-08
NTD10,-8.695571804066496e-09
NTD11,-1.753165862890013e-08
NTD12,-6.237580521888478e-10
NTD2,3.805494891324475e-09
NTD3,-1.408783362726368e-08
NTD4,-1.4438092278279628e-08
NTD5,-8.507126014770782e-09
NTD6,-4.921654491212708e-10
NTD7,-1.3129080272930737e-08
NTD8,-6.420637195865552e-09
NTD9,-1.1735930722609238e-08
NTP1,-2.0712943035712342e-08
NTP10,-2.0832392297408865e-08
NTP3,530.6660501070666
NTP5,-2.020334591093131e-08
NTPP1,-2.1396547474898476e-08
NTPP10,-6.237588756977773e-10
NTPP11,-2.039449166981876e-08
NTPP2,-2.3615298742488563e-08
NTPP3,-2.0798955662448185e-08
NTPP4,-2.0988713661279897e-08
NTPP5,-4.921653908815262e-10
NTPP6,-2.133039044502779e-08
NTPP7,-2.09596538031162e-08
NTPP8,-2.1146555087326593e-08
NTPP9,-1.56553581455115e-08
NTPTP1,-1.1362226432507709e-08
NTPTP2,-2.174330390773469e-08
NTR3B,1.0139601529937144e-07
NTRIR2x,4.663134434415647e-08
NTRIR2y,7.520369255293428e-09
NTRIRx,4.663304617010875e-08
NTRIRy,7.92695706476173e-09
O2tex,214.0724215831689
O2tpp,145.09843762867212
O45AM,3.117218183117593e-08
OAADC,1.0809209956300066e-07
OAAt2_2pp,-5.271243194231883e-09
OAAtex,-5.271246076624358e-09
OARGDC,-5.336789241985768e-09
OBDHc,-1.854868837890035e-08
OCAALD,2.265553746726841e-09
OCBT,-2.9191222608435066e-09
OCOAT1,-60.48025768208879
OCOAT4,9.433176587605775e-09
OCTAtex,-2.1654087396347403e-08
OCTDPS,-2.0127634779990586e-08
OHCUDC2,8.958331122703656e-08
OHEDH,5.133699147028044e-11
OHPBAT,-3.8200104649645605e-09
OIVD1r,-4.14668405652025e-08
OIVD2,-1.551261930592553e-08
OIVD2E,-1.5023302310727454e-09
OIVD3,-1.263577105862418e-08
OMAHY,2.2655544045073238e-09
OMAIS,2.2655582084302464e-09
OMCDC,2.2630126638937016e-07
OMPDC,-1.0958298721937155e-08
OP4ENH,-1.6573930340122498e-09
OPAH,-8.728507902688595e-09
OPETDC,-3.794714873885754e-11
OPHBDC,1.1990503707888175e-10
OPHHX,1.1990275299445112e-10
OPP,2.0245614963028935e-08
OPTCCL,1.2976992327899383e-10
ORN5O,-2.4457737927491765e-08
ORNCD,6.374961346616036e-08
ORNTA,-1.3378327796696887e-08
ORNTAC,-9.398000476114307e-09
ORNTA_1,2.9393565707956294e-08
ORNabcpp,-2.0719188226018293e-08
ORNt,4.01615899787368e-08
ORNtex,-2.071918711911861e-08
OROTt2_2pp,1.0616189503072612e-08
OROTtex,1.061618297442449e-08
ORPT,1.0958291732490376e-08
OXAt_1,-2.0675431786111654e-08
OXCOAHDH,3.9365727102970115e-08
OXDHCOAT,3.936572026361058e-08
OXGDC,4.029506057904074e-08
OXOAEL,-1.5231058413161037e-08
OXPTNDH,-4.482415594949065e-08
P5CD,9.077362859928725e-08
P5CR,3.773140219194908e-07
P5CRx,7.806873960106838
PA120abcpp,1.1458899601189755e-09
PA140abcpp,-4.895840741404017e-09
PA141abcpp,2.9524370596559544e-09
PA160abcpp,6.700997127579312e-09
PA161abcpp,9.6246093126094e-10
PA180abcpp,-3.449120733510249e-09
PA181abcpp,-9.65629915042463e-09
PACALDtex,-1.0423314229294923e-10
PACCOAE,3.936573547033412e-08
PACCOAL,3.5635153915783336e-08
PACOAT,-2.058703943718588e-08
PACPT_1,-20.220811652057463
PALDH,-1.3025121260533697e-08
PALGSKT,-4.954228688470423e-09
PANTS,-9.436000674498607e-09
PAPA140pp,-7.102653714645714e-09
PAPPT3,-1.0941838570818944e-08
PAPSR,1.5887498749532342e-09
PAP_BS,-5.191249556158361e-10
PC,0.6377743899709717
PCADYOX,-5.90867379028384e-09
PCNO,23.30909605526959
PDBL_3,15.088593081445888
PDBL_4,4.764677691108769
PDC,-2.332164875574001e-07
PDE1,-6.371956548223071e-10
PDE4,-1.919939563966656e-08
PDH,13.008159224574536
PDHa,169.00913099866867
PDHbr,169.00913090302132
PDHcr,202.6200243886341
PDIMAS,2.6106047140018057e-09
PDIMAT,2.610607906498744e-09
PDX5POi,-3.820012409091294e-09
PDX5PS,-3.820010430890136e-09
PDYXPT_c,1.971532282712408e-08
PE120abcpp,-1.1893090676196047e-08
PE141abcpp,-1.118548815075042e-08
PE160abcpp,-3.015467896587338e-09
PE161abcpp,-1.3652376048335402e-08
PE180abcpp,-5.9420456012927435e-09
PE181abcpp,-8.329050299655566e-09
PEALtabc,-1.9385008244444766e-08
PEAMNO,4.950144413235931e-08
PEAMNOpp,1.0423969857281571e-10
PEAMNtex,1.0423046033406465e-10
PENAM,4.7839142201646635e-17
PENTSOtex,-8.85505462866579e-09
PEPA,1.8935559993171456e-08
PEPCK_re,0.6377749583806798
PERD,-3.8200132690388734e-09
PFK,45.931834851571544
PFK_2,-1.4435564017935472e-15
PG120abcpp,-1.3128628863166844e-08
PG140abcpp,-1.3175704650088395e-08
PG141abcpp,-1.2097580188877932e-08
PG160abcpp,-1.55662199778621e-08
PG161abcpp,-1.2922710559283889e-08
PG180abcpp,-1.1853434929626834e-08
PG181abcpp,-1.1003192319842307e-08
PGAMT,2.013037544345969e-08
PGCD,7.031832381354819e-09
PGI,61.81498832742281
PGK,-145.93183565496412
PGL,36.89561359151522
PGLCNDH,1.3898316065017772e-08
PGLYCP,-1.5710270931958522e-08
PGM,-145.93183567791866
PGMT,8.553124054371812e-08
PGP120abcpp,3.6074095688779307e-09
PGP140abcpp,-2.206813552946907e-09
PGP141abcpp,3.3376846436288934e-09
PGP160abcpp,5.058951557695786e-09
PGP161abcpp,3.2847577834614007e-09
PGP180abcpp,5.735107440330933e-09
PGP181abcpp,6.979284207592312e-09
PGPP120pp,3.607408667802605e-09
PGPP140pp,-2.2068142795053458e-09
PGPP141pp,3.337692892157695e-09
PGPP160,-5.911090542606464e-09
PGPP160pp,5.0589538274134315e-09
PGPP161pp,3.284758085526134e-09
PGPP180pp,5.73511265477966e-09
PGPP181pp,6.9792832344270976e-09
PGSA120,3.6074088892291486e-09
PGSA140,-2.206810814727011e-09
PGSA141,3.337698148331867e-09
PGSA160,-8.521416181307023e-10
PGSA161,3.2847568006977065e-09
PGSA180,5.735111578995394e-09
PGSA181,6.979289418362663e-09
PHACOAOR,1.685651591841758e-08
PHCD,1.8499623905338707e-08
PHEHPAtexi,0.0
PHEHXAtexi,0.0
PHEME2abcpp,-2.089143950209747e-08
PHEMEabcpp,-2.08914405274518e-08
PHEMEt,2.3579192734686147e-08
PHEOCTAtexi,0.0
PHEOR,-1.2664193194411266e-08
PHEPTtexi,0.0
PHER,1.8299181512000683e-07
PHET,1.8299177755877206e-07
PHETA1,-2.0649629564541977e-07
PHEabc,0.0
PHNO,-7.286915505452115e-16
PHTHDLS,2.610605641619304e-09
PHTHS,2.610613943611247e-09
PHYCBOXL,4.950144387540872e-08
PICH,-9.5738736812789e-09
PIMEtr,0.0
PIabc,-2.309611500073506e-08
PItex,-1.86937355345238e-08
PKETF,-7.253610960274941e-09
PKETX,-6.341436801528005e-09
PLCD,7.675350089198967e-09
PLIPA1A120pp,1.1458944522894978e-09
PLIPA1A141pp,2.9524211043593998e-09
PLIPA1A160pp,6.7009919978876535e-09
PLIPA1A161pp,9.624772659001744e-10
PLIPA1A181pp,-9.656304924371886e-09
PLIPA1E120pp,-1.1893082209157534e-08
PLIPA1E141pp,-1.1185475533072668e-08
PLIPA1E160,-5.570025112877313e-09
PLIPA1E160pp,-3.0154598025573097e-09
PLIPA1E161pp,-1.3652359512956786e-08
PLIPA1E180,-1.4735765858873409e-08
PLIPA1E180pp,-5.942045342576629e-09
PLIPA1E181d11pp,-8.32904634616708e-09
PLIPA1G120pp,-9.521199317661402e-09
PLIPA1G140pp,-1.3175702883256673e-08
PLIPA1G141pp,-8.759891790973214e-09
PLIPA1G160pp,7.109517068041434e-10
PLIPA1G161pp,-9.637912179487426e-09
PLIPA1G180pp,-6.118316439485815e-09
PLIPA1G181d11pp,-4.023915980419489e-09
PLIPA2A180pp,-3.449130594542535e-09
PLIPA2G160pp,-1.1218223587612064e-08
PLPS,4.5357205967629647e-07
PMANM,2.4771216741485793e-08
PMDPHT,-8.335081195288004e-12
PMPK,1.6019579692433425e-08
PNCDC,19.819372800253486
PNCDC_1,-19.819372800253493
PNP,-1.2172947339429495e-08
PNTK,-1.7311548343426734e-10
PNTOt2,-6.2045129594541485e-09
PNTOt4pp,1.5467400126652655e-08
PNTOtex,1.546739943407276e-08
POAACR,7.60950723433734e-09
POX,-2.433459152755081e-08
PPA,-1.6289399746391777e-08
PPA2,-2.0414354217810817e-08
PPAKr,7.182513459687961
PPATabc,0.0
PPAt2pp,-2.1161998351590397e-08
PPAt4pp,-2.043517419436159e-08
PPAtex,-4.1597168262523786e-08
PPBNGS,-2.6256001578210336e-08
PPC,-1.8848974667501003e-08
PPCDC,-1.7311249276469637e-10
PPCOAC,-6.986155349454862e-09
PPDOy,2.5188566141510194e-07
PPGPPDP,-1.9837785014170365e-08
PPK,6.770483828007601e-08
PPK2,13.635582803191419
PPM2,-9.623052771837542e-09
PPNCL3,-1.7311692477768972e-10
PPND,-1.8125083051785012e-08
PPNDH,2.813430994590763e-09
PPNDH2,-23.30909605526961
PPOR,-2.0691035724496464e-08
PPPGO,-2.421573728077772e-08
PPPGO4,-1.6154407616678189e-09
PPS,-1.5759951328572674e-08
PPTGS_BS,-2.898160821563438e-09
PPTT,2.0245606434052735e-08
PRAGSr,-2.5698904989996058e-08
PRAIS,-2.5698888801256003e-08
PRAIi,-1.9562060085746127e-08
PRAMPC,-1.654818125447182e-08
PRASCSi,-2.864865468417983e-09
PRATPP,-1.6548180213137304e-08
PRCOA1,-1.3474188260423193e-13
PREPHACPH,-2.1205956793533996e-08
PREPTHS,2.61062920344014e-09
PREPTTA,-2.3816569158242797e-08
PRFGS,-1.1040399613727094e-08
PRFGS_1,-1.465847938825659e-08
PRMICI,-1.654818433046308e-08
PROD2,7.806874428194466
PROGLYabcpp,2.0621801082860075e-08
PROGLYtex,2.0621801395850174e-08
PROHISGLUtr,0.0
PROR,2.3236363334945045e-07
PROabc,-2.0771091992496195e-08
PROabcpp,-2.0583538193712887e-08
PROt2r,1.7026448444894583e-08
PROt2rpp,4.4445040666260266e-08
PROtex,2.386150304657541e-08
PRPPS,-2.032278711913543e-07
PSCVT,-2.4405486206959708e-08
PSD120,-1.518768734559771e-09
PSD141,-2.5867486907024775e-09
PSD160,-7.966204680582967e-09
PSD180,-5.324215507545763e-09
PSD181,-8.243394203964409e-10
PSERT,1.918960403367108e-08
PSP_L,2.485550979017273e-10
PSSA120,-1.5187685040922894e-09
PSSA141,-2.5867452536585228e-09
PSSA160,-7.966210175954853e-09
PSSA180,-5.3242103550513946e-09
PSSA181,-8.243425178915759e-10
PSUDS,0.0013573870747832205
PTA2,7.1825134596879785
PTAr,-4.986491774060454
PTAtex,-2.183955375591414e-08
PTPATi,2.823948327211494e-09
PTRCAT1,-1.185782150880502e-08
PTRCTA,3.865241036887724e-08
PTRCTA2,3.108114067042368e-08
PTRCabc,-2.0132466856495587e-08
PTRCabcpp,-2.0123270274965243e-08
PTRCt2pp,5.615844583560312e-08
PTRCtex,3.603517916772935e-08
PTSLAtexi,0.0
PUNP1,7.035320318705226e-10
PUNP2,-6.031444061887868e-10
PUNP3,-2.1061201487723074e-09
PUNP5,3.9318650103677935e-08
PUNP6,-5.127870672131441e-10
PUNP7,-3.707350464473215e-09
PXYLt5,1.0250704965405503e-07
PXYLt6,3.7584267238663864e-08
PYAM5PO,3.5511869673685192e-09
PYDXNO,2.1647576175869964e-08
PYDXNtr,2.533813922505836e-08
PYDXO,1.9715322901186793e-08
PYDXOR,-3.690561193610406e-09
PYDXPP,-2.533814051072933e-08
PYDXS,-19.853271247649086
PYK,137.81923875467996
PYOVD2tex,-2.445774055217007e-08
PYOVDM1,-2.445773898802381e-08
PYOVDM2,-2.4457742338986748e-08
PYRDOX,-2.031272830832514e-08
PYROX,7.60950700816385e-09
PYRZAM,-2.0312727135243865e-08
PYRt2rpp,-2.5026147689740047e-09
PYRt4pp,1.2489834553139573e-08
PYRtex,9.987228417883323e-09
P_XYLtpp,1.0250705001027643e-07
P_Xylt1,1.400913215378819e-07
QMO2,186.15919816223695
QUIDHy,-1.6388507735998834
QUIN2tpp,-1.0355926824761045e-08
QUINDH,2.0899119155264752e-07
QUINDHyi,1.638850564608683
QUINtpp,1.0355926705973247e-08
QULNS,-2.0350231925604128e-08
R5PP,-7.347557915103061e-09
RAFFINt2,0.0
RAFGH,0.0
RBFK,-1.2221752150749328e-08
RBFSa,-1.6653122462749364e-11
RBFSb,-8.322950783437047e-12
RBK,-1.3910522717967674e-08
RBK_Dr_1,-1.4156690128905647e-08
RBP4E,4.756580394526345e-16
RECOAH10,5.939499209251013e-07
RECOAH11,2.417214003294804e-07
RECOAH12,2.417300888829667e-07
RECOAH13,2.417301315493025e-07
RECOAH14,2.4173012782074456e-07
RECOAH15,-1.256572917407967e-16
RECOAH16,2.4173014534650745e-07
RECOAH17,1.409579097719928e-14
RECOAH19,5.939499156299081e-07
RECOAH2,-2.6965539062393145e-14
RECOAH20,2.4227864976072956e-15
RECOAH21,5.939251755478171e-07
RECOAH22,5.035730325807293e-09
RECOAH23,1.3069284893148644e-14
RECOAH24,-7.0277336556728175e-15
RECOAH25,-3.0635653354026466e-16
RECOAH26,5.939252046693839e-07
RECOAH3,2.1716682066860135e-14
RECOAH4,1.4595997536682708e-14
RECOAH5,-3.6603332929152815e-15
RECOAH6,1.694453635818775e-14
RECOAH7,1.132465615353689e-14
RECOAH8,-2.748116343048137e-14
RECOAH9,1.0486561719276194e-14
REPHACCOAI,3.936571347715624e-08
RHA121tex,-5.035737446643354e-09
RHA121tpp,5.035731399077177e-09
RHACOAE100,-1.507914356793449e-08
RHACOAE120,-1.507915410336086e-08
RHACOAE121,-1.658406711114902e-08
RHACOAE121d6,-1.507913980578569e-08
RHACOAE140,-1.507914309876316e-08
RHACOAE141,-1.5079143943301486e-08
RHACOAE141d5,-1.507914241879066e-08
RHACOAE142,-1.5079144708166324e-08
RHACOAE160,-1.5079140913376628e-08
RHACOAE50,-1.507915582433895e-08
RHACOAE60,-1.507915255798062e-08
RHACOAE70,-1.5079137610221057e-08
RHACOAE80,-1.507912924884165e-08
RHACOAE90,-1.5079147710192015e-08
RHACOAEP100,-1.5079145683780332e-08
RHACOAEP101,-1.507913540546644e-08
RHACOAEP40,-1.507913004298422e-08
RHACOAEP50,-1.507915308303648e-08
RHACOAEP60,-1.5079134823095428e-08
RHACOAEP70,-1.507915832827321e-08
RHACOAEP80,-1.5079158199378976e-08
RHACOAEP90,-1.5079142727160746e-08
RHACOAET40,-1.507912966290459e-08
RHACOAET60,-1.507913136906035e-08
RHACOAR101,5.939251911665657e-07
RHACOAR141d7,5.939251965868547e-07
RHACOAR90,5.939499362587434e-07
RHACOARP100,2.417214319303561e-07
RHACOARP50,2.417301137515505e-07
RHACOARP70,2.4173011408058573e-07
RHACOARP80,2.4173011731521054e-07
RHACOARP90,2.4173009318325336e-07
RHACOART60,5.939499157683194e-07
RHAP50tex,-2.5977983340312093e-14
RHAP50tpp,2.8044358569137067e-14
RHAP70tex,-2.2941503350387735e-14
RHAP70tpp,2.2459109865478146e-14
RHAP80tex,-2.6058654037449642e-14
RHAP80tpp,2.906926765888484e-14
RHCYS,1.9611545813904365e-08
RIBFLVt2,0.0
RIBabc,-1.0096971342887017e-08
RIBabc1,-2.354505604525812e-08
RIBabcpp,-1.0373595126614654e-08
RIBtex,-1.03735932230412e-08
RMI,-1.5284798864519389e-15
RMK,-5.523390286336447e-15
RMNabc,0.0
RMPA,1.2575418243503904e-15
RNDR1,1.1386226998510456e-08
RNDR1b,-2.0359390467173474e-09
RNDR2,1.888959515765733e-08
RNDR2b,1.1839078374320025e-09
RNDR3,6.242560599866537e-09
RNDR3b,-4.270981443079302e-09
RNDR4,1.2441978474366687e-08
RNDR4b,-1.4534442110616586e-09
RNTR1,-1.0964549684365914e-08
RNTR2,-2.058804478682958e-08
RNTR3,-1.1927340120644884e-08
RNTR4,-1.0552777055973127e-08
RPE,31.76630763096003
RPI,-20.647831772115
RU5PP,-1.4156690122526399e-08
RU5PS,-47.64946125616124
SADT,1.4497854438183941e-08
SALADC2,0.0
SALCHS4FER1,0.0
SALCHS4FEabcpp,0.0
SALCHS4FEtonex,0.0
SALCHS4abcpp,-2.1024290171368443e-08
SALCHS4tex,-2.102429183570716e-08
SALCOD,-2.0029379616316547e-08
SALCt,-4.589617530177385e-08
SAOR,-1.0792249510898074e-09
SARCOX,6.574994174466948e-09
SARCOX2,5.302178098816633e-08
SBTD_D2,0.0
SBTPD,5.73833312298029e-17
SBTpts,0.0
SBTt2,0.0
SCYSSL,1.8941043704504862e-08
SDPDS,1.1865901998791822e-08
SDPTA,-1.186590483677199e-08
SELADT,-1.4385268697033395e-08
SELR,1.3246849713565618e-08
SELTt,1.3790052834602383e-08
SELabcpp,-1.8904622075938858e-08
SELtex,-1.138419249835378e-09
SELtpp,1.776618649942122e-08
SEPHCHCS,3.0480340570259924e-08
SERASr,-2.3565632579781667e-08
SERAT,-2.0508715838916443e-08
SERD_D,2.8282120686399306e-09
SERD_L,8.667601874723775e-09
SERGLUGLNtr,0.0
SERabc,-1.9116313820743785e-08
SERabcpp,-1.944390288457286e-08
SERt2r,4.87499226779051e-08
SERtex,-1.9443903787969394e-08
SHCHCS3,3.0480352441503865e-08
SHCHD2,1.9267205234915567e-08
SHCHF,1.926719644554738e-08
SHGO,-1.3357141334121775e-08
SHK3Dr,-1.336799952964531e-08
SHKK,-2.440547597464651e-08
SHSL1,1.0249710566786987e-07
SHSL2r,-1.0249436616435042e-07
SHSL4r,-2.7389127449681574e-12
SIRA2,2.490936780018171e-08
SKMt2,-8.424391550974245e-09
SKMt2pp,-2.6130875484104403e-09
SKMtex,-2.613085994630697e-09
SLNTabcpp,-2.0947783783889685e-08
SLNTtex,-1.2651631587606968e-08
SLNTtpp,8.296154590743635e-09
SMIA1,-1.940755788469257e-08
SMIA1Eabc,-2.2191875242931525e-08
SMIA1abc,-1.4826692221873008e-08
SMIA2abc,-1.940982015338915e-08
SMIB1,-1.4826000210218175e-08
SO3abcpp,-2.087508581706189e-08
SO3tex,-2.0875082164073832e-08
SO4t2,2.259072311582407e-08
SO4t2pp,3.258771893406385e-08
SO4tex,1.2199862019411852e-08
SPMDabc,-8.630872997475025e-09
SPMDabcpp,-8.810880032947803e-09
SPMDt3i,2.0215377982370724e-08
SPMDtex,-8.81087093222206e-09
SPMS,-1.9462074445696732e-08
SPODM,186.1591981622369
SSAH,-1.064194606744572e-08
SSALx,-2.0058868252899086e-08
SSALy,-1.9672674133995122e-08
SSCOARy,-1.2581346464121922e-07
STFRNAt,2.7820425603609166e-09
STFRNBt,-1.4826694382160716e-08
SUCBZL,3.048034486389996e-08
SUCBZS,3.048035821346363e-08
SUCBZT1,-3.7684334709083556e-08
SUCBZT2,-1.677062931668656e-08
SUCCt1pp,9.638312883980556e-09
SUCCt2_2pp,-9.63831312606295e-09
SUCCt2r,-1.7083410447183418e-08
SUCD1,78.43681529610241
SUCOAS,-94.69284993212987
SUCR,-2.540744732404033e-10
SUCRabcpp_syn,-2.5407613697523354e-10
SUCRtex,1.1361796906694342e-08
SUCpts,1.1625491589880259e-08
SUCptspp,1.1615866616198805e-08
SULAabc,0.0
SULFACabcpp,-7.407778919850455e-09
SULFACtex,-7.4077763299973855e-09
SULR,25.354321183055486
SULR_1,25.354321171773265
SULabc,-2.0375358496383562e-08
SULabcpp,-2.0387857402318618e-08
St,1.9519645473182914e-08
T2ECR,1.616735796834101e-07
TAGLIPA160ex,0.0
TAGLIPA180ex,0.0
TAGLIPA181d9ex,0.0
TAGLIPA182d9d12,0.0
TALA,15.883153815255133
TARTDC,-5.5900057304985885e-09
TARTR_D_Et,-1.3379865847894265e-08
TARTRt7,-5.5899956269830205e-09
TAUDO,0.0
TAURabc,0.0
TCYNTtex,-2.192695592451491e-08
TCYNTtpp,-2.192695562347642e-08
TECA1S45,-4.369383614322745e-11
TECA2S45,-4.3777680571138785e-11
TECA3S45,-4.375490654829964e-11
TETDHpp1,7.460751709675543e-09
TETDHpp2,-1.0384531499242355e-09
TETDHpp3,1.215853682762816e-08
TETtex,1.858083004194183e-08
TGBPA,1.3671306337536967e-15
THDPS,1.186590458493752e-08
THFOR2,0.0
THIORDXi,11.115561051954701
THMtrbc,2.2829801008314875e-08
THRD,-1.1369957982892029e-08
THRD_L,2.9432135550467752e-08
THRPDC,-1.05864728108098e-08
THRS,-1.4724449575965445e-08
THRabc,0.0
THRabcpp,-1.626581507288019e-08
THRt2pp,-1.626580978653415e-08
THRt2r,0.0
THYMt,1.3151980298839877e-08
THYMt4pp,8.230236543091932e-09
THYMtex,8.230233908950968e-09
THZPSN,-2.0209871662063982e-08
THZSN_1,-2.6241205839838196e-09
TKT1,15.883153815255126
TKT2,15.883153833644137
TMDPK,-1.6023782429918387e-08
TMDPP,-8.507112226773996e-09
TMDS,-4.0017116695724e-09
TMDS3,-5.003747999840056e-09
TMN,3.885357968129218e-08
TMPK,1.6019575629464786e-08
TMPPP,1.6019569515355024e-08
TNTHAC1,0.0
TNTHAC2,0.0
TNTR1,0.0
TNTR1x,0.0
TNTR2,0.0
TNTR2x,0.0
TNTR3,0.0
TNTR4,0.0
TNTtex,0.0
TNTtpp,0.0
TOLt5,3.099448016304892e-09
TOLt6,6.47443275523132e-09
TOLt7,6.474438162354143e-09
TPHAP,-1.4699602910601559e-08
TPI,26.078564183902348
TRDR,11.115561079384717
TRE6PP,1.6318738545005527e-07
TRE6PS,1.6298371223917647e-07
TREP,1.1251132248975668e-07
TREabc,2.4123085931588168e-08
TREpts,1.014384915317001e-10
TREptspp,1.0223525540409294e-10
TREtex,1.0223396070582574e-10
TRPAS1,7.082408856663922e-09
TRPS1,-1.9359337344171575e-08
TRPS2,-1.4043918959940012e-08
TRPS3,-2.0273013103388355e-10
TRPTA,-3.771820748196223e-15
TRPabc,0.0
TRSARr,-2.883953450010836
TRSARyr,1.7305549105165426e-07
TRYPTAOX,-1.1141717010350804e-08
TSULabc,7.116751456863495e-09
TSULabcpp,7.268687492980986e-09
TSULtex,-2.989298624556329e-08
TTONR2pp,0.0
TTRCYCt2pp,1.954049734368932e-08
TTRCYCt5,1.7526075370336124e-08
TTRCYCt7pp,2.6378061766286595e-09
TTRCYCtex,5.455732536200691e-08
TTRCYCtm,-6.233840658205311e-10
TTRCYCtpp,3.76546329721524e-08
TYRTA,0.18837623593716576
TYRTAi,0.1883762121407049
TYRabc,0.0
UAAGDS,-1.5145650170847223e-08
UAG2E,-1.3105694152634412e-10
UAG2EMA,-2.5751949911654716e-09
UAGCVT,-1.0941837648517e-08
UAGDP,-1.8491394038577725e-08
UAGPT2,14.545972807668846
UAGPT2_1,-14.545972807668846
UAGPT3,-1.0941838089624727e-08
UAMAGS,-1.514564427262711e-08
UAMAS,-1.514564030242378e-08
UAPGR,-1.0941832501439422e-08
UDCPDP,-1.0941837555031834e-08
UDPG4E,-1.8622493308633317e-08
UGLYCH,1.458904621441363e-07
UGMDDS,-1.0941830880968025e-08
UGT_BS,-5.191271380914534e-10
UHBZ1t_pp,1.989551688719815e-08
UM3PL,1.2235706115152027e-08
UM4PCP,-8.031900238774152e-09
UM4PL,-8.031912953572825e-09
UMPK,-6.570449672577873e-08
UNK5,0.0
UPP3MT,1.9267208203340827e-08
UPP3S,-6.563999332753427e-09
UPPDC1,-2.5831222901179227e-08
UPPRT,-1.872117407174917e-08
URACPAH,7.609505513041761e-09
URAt,-7.07408726716281e-09
URAt2,6.054249706519409e-09
URAt2pp,2.3674974093687237e-08
URAtex,2.3674976469733603e-08
URCN,1.4239628499089937e-07
UREA,4.60018776937094e-08
UREASE,-2.0630438208287815e-08
UREAabcpp,-2.0946942966843955e-08
UREAtpp,2.0946943668460443e-08
URIC,3.163092778357581e-08
URIH,-1.768490783591352e-09
URO_c,8.958331136520463e-08
VACOAI,6.771240238510914e-06
VACOAI_2,-6.781882203135453e-06
VALDHr,-5.652993732780637
VALTA,5.652991019375643
VALabc,-1.945301033015543e-08
VALabcpp,-1.9151748825513894e-08
VALt2r,3.100222604122165e-08
VALtex,-1.9151745529313393e-08
VANKpp,9.771774275435717e-16
VANLNtex,-4.844243020433606e-10
VANLTtex,5.853303213971805e-17
VCACT,6.845844921394629
VCOAD,-3.069462990697851e-08
VECOAH,3.0694610087289835e-08
VNDH,5.213156864161729e-09
VNDH_2,-4.182717477770367e-08
VNLNpp,-4.84428890695529e-10
VNTDM,5.213156410011462e-09
VPAMTr,-2.7087560168493567e-06
X5PL3E,0.0
XAND,1.212142401339031e-07
XANt2,0.0
XANt2pp,1.347049031702872e-08
XANt3,0.0
XANtpp,-1.3470494764301877e-08
XPPT,-1.9311123875281085e-08
XTSNH,-4.988226874184784e-09
XTSNt2,0.0
XYL3abc,0.0
XYLANabc,0.0
XYLBabc,0.0
XYLI1,1.1597806892301152e-08
XYLK,1.1597809510690263e-08
XYLOS1,-9.277101494907996e-15
XYLOS2,-3.4926807475623504e-15
XYLOS3,2.395540496307777e-15
XYLabc,-2.0296548525711268e-08
XYLabcpp,-2.0305730667956438e-08
XYLt2,1.4691067535129812e-08
XYLt2pp,3.750899902114641e-08
XYLtex,1.720326629475482e-08
YUMPS,-0.0013573870747654653
ZN2t3pp,-7.195091858507972e-09
ZN2t4pp,-7.977401633604467e-09
ZNabc,-2.115541360774689e-08
ZNabcpp,-1.5172497498914193e-08
ilvg,7.999893311610276e-08
pentso3abcpp,-8.85506283831328e-09
r0963,0.0
r1143,3.327338429563512e-08
r2465_1,-2.1148920073150947e-08
r2535,1.7036730327462387e-08
sink_2ohph_c,1.1990094363087765e-10
sink_amob_c,-6.042612598717302e-16
sink_hemeO_c,-2.2520182262020544e-09
sink_sheme_c,1.9267198945617792e-08
EX_12dgr160_e,0.0
EX_12dgr180_e,0.0
EX_1ag160_e,0.0
EX_1ag180_e,0.0
EX_1ag181d9_e,0.0
EX_1ag182d9d12_e,0.0
EX_25dkglcn_e,-2.4236713906438566e-08
EX_26dap__M_e,-1.9720263333181176e-08
EX_2ameph_e,1.3025118178343818e-08
EX_2dhglcn_e,-2.1855388413631004e-08
EX_2m35mdntha_e,0.0
EX_2pglyc_e,1.571027185969157e-08
EX_34dhbz_e,-1.9384346784315304e-08
EX_34dhpac_e,1.0423233964588833e-10
EX_35dnta_e,0.0
EX_3hcinnm_e,-5.793984687868822e-09
EX_3hpppn_e,7.451370343332587e-09
EX_3mb_e,-1.8005689931941746e-08
EX_4abut_e,-1.685090296047479e-08
EX_4abzglu_e,-1.877548448643261e-08
EX_4hba_e,1.8993167774757992e-08
EX_4hbz_e,-1.9895522691398007e-08
EX_4hoxpac_e,1.6835764449119583e-09
EX_4hphac_e,0.0
EX_4hpro_LT_e,-1.8499626178412945e-08
EX_4hptn_e,1.455513456278007e-08
EX_4oxptn_e,-5.070439296919983e-09
EX_5drib_e,-1.2253535426696987e-08
EX_5mdru1p_e,-1.9462072540208923e-08
EX_LalaDgluMdap_e,-2.5964292108374114e-08
EX_LalaLglu_e,-2.2605967870808944e-08
EX_Lcyst_e,0.0
EX_R_3hdd5ea_e,-5.035730904807079e-09
EX_R_3hphpa_e,-2.3898156149544572e-14
EX_R_3hpocta_e,-2.2168608565571598e-14
EX_R_3hppta_e,-2.7639238850469078e-14
EX_abg4_e,0.0
EX_abt_e,-1.5179069674896845e-14
EX_ac_e,8.382204040578337e-08
EX_acac_e,60.48025763419384
EX_acald_e,25.06486338098726
EX_acgam_e,-1.926245125705147e-08
EX_acmana_e,0.0
EX_acnam_e,-2.357943263162e-08
EX_acon_C_e,-1.754666479161835e-08
EX_actn__R_e,2.109873719810514e-09
EX_acysbmn_e,-1.9019576086634822e-08
EX_ad_e,0.0
EX_adn_e,0.0
EX_agm_e,-2.2510962036541372e-08
EX_akg_e,-1.9450223584147614e-08
EX_ala_B_e,3.322614319948673e-08
EX_ala_L_asp__L_e,0.0
EX_ala_L_glu__L_e,0.0
EX_ala_L_thr__L_e,0.0
EX_ala__D_e,0.0
EX_ala__L_e,-1.128220835189362e-08
EX_ala_gln_e,0.0
EX_ala_his_e,0.0
EX_ala_leu_e,0.0
EX_alagly_e,0.0
EX_alahis_e,-2.6314057775098884e-08
EX_alaleu_e,-2.3054185563674458e-08
EX_alathr_e,-2.0429509964410274e-08
EX_alatrp_e,-2.18647824587093e-08
EX_algac_MG_41_e,-4.954247697544515e-09
EX_alltn_e,-2.4676224982097136e-08
EX_anhgm_e,-2.6322685107994566e-08
EX_arab__L_e,0.0
EX_arbt6p_e,-2.622567954786419e-15
EX_arbt_e,0.0
EX_arg__L_e,-2.491136820474192e-08
EX_ascb__L_e,0.0
EX_asn__L_e,-2.2540977122888747e-08
EX_aso3_e,2.1433605368581482e-08
EX_aso4_e,-2.1433608721140005e-08
EX_asp__L_e,-6.276778156561591e-09
EX_bmn_e,1.9019574909157196e-08
EX_btn_e,3.9505461524171083e-14
EX_but_e,1.2384670268660582e-08
EX_buts_e,0.0
EX_butso3_e,6.817560429871962e-09
EX_bz_e,1.1692028567862912e-08
EX_bzalc_e,2.047371829149682e-08
EX_ca2_e,9.912690972521095e-11
EX_carn_e,-2.604250729860586e-08
EX_cellb_e,0.0
EX_cgly_e,0.0
EX_chol_e,-3.1938276727343e-09
EX_chols_e,0.0
EX_chsterol_e,0.0
EX_cit_e,4.770300085789458e-08
EX_cl_e,9.912660885284773e-11
EX_cmcbtt_e,-2.586679325327822e-08
EX_co2_e,250.4295859475915
EX_co_e,4.893449087452715e-08
EX_cobalt2_e,1.900713585914704e-12
EX_creat_e,-2.3712107692096647e-08
EX_crn_e,-9.433173475408567e-09
EX_crtn_e,-2.3257673171063575e-08
EX_csn_e,0.0
EX_cu2_e,1.3497104745067888e-11
EX_cyan_e,-2.1926963430433242e-08
EX_cys__L_e,0.0
EX_dad_2_e,0.0
EX_dag181d9_e,0.0
EX_dag182d9d12_e,0.0
EX_dca_e,2.147339961055506e-08
EX_dmso2_e,1.2769031388093246e-08
EX_dopa_e,-1.0423977238185836e-10
EX_drib_e,0.0
EX_dxyl_e,1.0411868809504147e-08
EX_enter_e,1.3294951706084556e-08
EX_etha_e,-2.180082476120162e-09
EX_eths_e,0.0
EX_ethso3_e,1.0815784473775519e-08
EX_fe2_e,4.978541147329985e-08
EX_fe3_e,-3.072496134589191e-08
EX_fe3dcit_e,0.0
EX_fe3pyovd_kt_e,-1.2222816864947137e-08
EX_feenter_e,0.0
EX_feoxam_e,0.0
EX_feoxam_un_e,0.0
EX_fer_e,-5.697585428837898e-09
EX_fol_e,0.0
EX_fru_e,-1.3217644207403135e-08
EX_fuc_e,0.0
EX_fum_e,0.0
EX_g3pe_e,-1.7301773501427235e-08
EX_ga_e,-2.2655601143344802e-09
EX_gal_bD_e,0.0
EX_gal_e,4.9954574054100115e-09
EX_galct__D_e,-1.0240747331283042e-08
EX_galctn__D_e,-6.8130197709409325e-09
EX_galman4_e,0.0
EX_galman6_e,0.0
EX_galt_e,0.0
EX_galur_e,0.0
EX_gam_e,0.0
EX_glc__D_e,-100.0
EX_glc__aD_e,0.0
EX_glcman4_e,0.0
EX_glcman6_e,0.0
EX_glcn_e,0.0
EX_glcr_e,-1.9931721649670647e-08
EX_glcur_e,-1.7094715214828344e-08
EX_gln__L_e,-2.367957270692878e-08
EX_glu__L_e,-2.035914970393151e-08
EX_glucan4_e,0.0
EX_glucan6_e,0.0
EX_glutar_e,-1.1130283753253416e-09
EX_gly_asn__L_e,0.0
EX_gly_asp__L_e,0.0
EX_gly_cys_e,0.0
EX_gly_e,0.0
EX_gly_gln_e,0.0
EX_gly_glu__L_e,0.0
EX_gly_leu_e,0.0
EX_gly_met_e,0.0
EX_gly_phe_e,0.0
EX_gly_pro__L_e,0.0
EX_gly_tyr_e,0.0
EX_glyb_e,0.0
EX_glyc3p_e,0.0
EX_glyc__R_e,1.2443168220399346e-08
EX_glyc_e,0.0
EX_glyclt_e,1.8500626898355466e-08
EX_glygln_e,-2.4350581591698964e-08
EX_glyglu_e,-2.1440135185958674e-08
EX_glyglygln_e,0.0
EX_glymet_e,-2.1659492951575785e-08
EX_glyphe_e,-1.203968377346046e-08
EX_glyser_e,-1.8191193969092495e-08
EX_gsn_e,-2.6390619213567534e-08
EX_gthrd_e,0.0
EX_gua_e,-2.540666836243019e-08
EX_h2o_e,263.26037486628417
EX_h2s_e,8.376257264077032e-08
EX_h_e,63.77032223763922
EX_hco3_e,2.4859738624845804e-08
EX_hdca_e,0.0
EX_hexs_e,0.0
EX_hia_e,-1.4307315953610203e-13
EX_his__L_e,-2.585250277875572e-08
EX_hisgly_e,-2.6209435895245453e-08
EX_hishis_e,-2.6932364217571397e-08
EX_hom__L_e,-1.7036730254241643e-08
EX_hpta_e,0.0
EX_hxa_e,2.181338107148577e-08
EX_hxan_e,-2.478622168853757e-08
EX_icit_e,1.871976232500837e-08
EX_ile__L_e,-8.65185758305992e-09
EX_ind3ac_e,-1.1141714024930126e-08
EX_indole_e,1.3841181319799583e-08
EX_inost_e,0.0
EX_ins_e,-2.6111148729231998e-08
EX_isetac_e,-1.6684260966250969e-09
EX_isocap_e,3.4207796849316947e-07
EX_istfrnA_e,2.2605314219644215e-12
EX_istfrnB_e,7.007509227803456e-13
EX_istnt_e,0.0
EX_k_e,3.7175490215816587e-09
EX_lac__D_e,0.0
EX_lac__L_e,3.29006767684143
EX_lcts_e,0.0
EX_leu__L_e,0.0
EX_leuleu_e,-2.405552727190076e-08
EX_lmn2_e,0.0
EX_lnlc_e,0.0
EX_lys__L_e,-2.422195647337162e-08
EX_lysglugly_e,0.0
EX_m_xyl_e,-9.235162057918895e-16
EX_mal__D_e,1.6249069652616133e-08
EX_mal__L_e,6.59327840095813e-08
EX_malt_e,0.0
EX_malthp_e,0.0
EX_malthx_e,0.0
EX_malttr_e,0.0
EX_man_e,2.5303073088472485e-09
EX_manttr_e,0.0
EX_melib_e,-2.361795176238408e-08
EX_meoh_e,47.649461270972076
EX_met_L_ala__L_e,0.0
EX_met__D_e,0.0
EX_met__L_e,-5.475095280289711e-10
EX_metox__R_e,0.0
EX_metox_e,0.0
EX_metsox_R__L_e,0.0
EX_metsox_S__L_e,0.0
EX_mg2_e,1.652147188718394e-10
EX_mn2_e,1.3165561566237053e-11
EX_mnl_e,0.0
EX_mobd_e,-5.1811280910981733e-17
EX_mso3_e,0.0
EX_n2o_e,-2.0016663301440873e-08
EX_nh4_e,3.5861303356160863e-06
EX_no2_e,-2.153835280038898e-08
EX_no3_e,-2.379296052370752e-08
EX_no_e,-1.9189016988061507e-08
EX_o2_e,-214.07242158316888
EX_oaa_e,5.271241775926361e-09
EX_ocdca_e,0.0
EX_ocdcea_e,0.0
EX_octa_e,2.165408530720647e-08
EX_orn__D_e,-1.591462213791148e-08
EX_orn_e,-1.9442401136560685e-08
EX_orot_e,-1.0616189622473036e-08
EX_oxa_e,2.0675431697223037e-08
EX_p_xyl_e,-1.882148564488945e-15
EX_pacald_e,1.0423229063688995e-10
EX_pdima_e,2.6106066141194247e-09
EX_pea_e,-1.9385005491983844e-08
EX_peamn_e,-1.0423667891517573e-10
EX_pentso3_e,8.855051517225939e-09
EX_phe__L_e,0.0
EX_phehpa_e,0.0
EX_phehxa_e,0.0
EX_pheme_e,-2.3579187664071418e-08
EX_pheocta_e,0.0
EX_phept_e,0.0
EX_pi_e,4.1789850450635415e-08
EX_pime_e,0.0
EX_pnto__R_e,-9.262888779411791e-09
EX_ppa_e,4.159717096909847e-08
EX_ppat_e,0.0
EX_pro__L_e,-2.011686694015886e-08
EX_progly_e,-2.0621801667383973e-08
EX_prohisglu_e,0.0
EX_pta_e,2.1839552571303886e-08
EX_ptrc_e,-1.59027154593796e-08
EX_ptsla_e,0.0
EX_pydxn_e,-2.5338140800613017e-08
EX_pyovd_kt_e,-1.2234926125454415e-08
EX_pyr_e,-9.987220812921744e-09
EX_raffin_e,0.0
EX_rib__D_e,-3.074490234455279e-09
EX_ribflv_e,0.0
EX_rmn_e,0.0
EX_s_e,-1.951964556520614e-08
EX_salc_e,4.589617486671625e-08
EX_salchs4_e,-2.1024290448791652e-08
EX_salchs4fe_e,0.0
EX_sbt__D_e,0.0
EX_sel_e,1.1384238937280367e-09
EX_ser__D_e,-1.6257442700149946e-08
EX_ser__L_e,-1.0189713011924252e-08
EX_serglugly_e,0.0
EX_skm_e,1.1037477211160923e-08
EX_slnt_e,-1.1384227880214608e-09
EX_so3_e,-2.486314678126283e-09
EX_so4_e,-1.4415225518718329e-08
EX_spmd_e,-2.7736378605749843e-09
EX_stfrnA_e,-2.26912129693459e-12
EX_stfrnB_e,-7.017835399765454e-13
EX_succ_e,2.584232241643605e-08
EX_sucr_e,-2.2987284180753192e-08
EX_sula_e,0.0
EX_sulfac_e,7.407778396737267e-09
EX_tag160_e,0.0
EX_tag180_e,0.0
EX_tag181d9_e,0.0
EX_tag182d9d12_e,0.0
EX_tartr__D_e,1.3379864562162025e-08
EX_tartr__L_e,5.590001296337992e-09
EX_taur_e,0.0
EX_tcynt_e,2.1926955134379743e-08
EX_tet_e,-1.8580834196052823e-08
EX_thm_e,-2.2829805970538157e-08
EX_thr__L_e,0.0
EX_thym_e,-2.1382280445846167e-08
EX_tnt_e,0.0
EX_tol_e,9.573882082928814e-09
EX_tre_e,-2.432675635900571e-08
EX_trp__L_e,0.0
EX_tsul_e,2.277623023510737e-08
EX_tton_e,0.0
EX_tyr__L_e,0.0
EX_ura_e,-2.265514329205616e-08
EX_val__D_e,-9.312070387623193e-09
EX_val__L_e,7.602530552638493e-09
EX_vanln_e,4.844261225446485e-10
EX_vanlt_e,0.0
EX_xan_e,0.0
EX_xtsn_e,0.0
EX_xyl3_e,0.0
EX_xyl__D_e,-1.1597795908179678e-08
EX_xylan4_e,0.0
EX_xylb_e,0.0
EX_zn2_e,6.495594934030489e-12
Growth,0.0
ATPM,-2.0954878725431695e-08
EX_phenol_e,0.0
phenol_transport,0.0
PHEMOX,0.0
EX_guaiacol_e,0.0
guaiacol_transport,-2.617400845674442e-15
GUADEM,-2.0730710776071e-15
tag_production,1.4834234965062299e-08
EX_tag,1.4834244640575996e-08
Growth_Phenol,0.0
Growth_Glucose,-1.9617288481022098e-08
CBFC2pp,137.94796793175138
NDH1_4pp,137.94796793175144
CYO1bpp_syn,137.94796793175138
CYTBDpp,6.180667343665839
