reaction,lower_bound,upper_bound
12DGR140tipp,0.0,inf
13PPDH,-38.41522779895205,38.41522779895205
1P2CBXLCYCL,-inf,inf
1P2CBXLR,0.0,0.8401872422614058
23CTI1,0.0,23.0584720931741
23CTI2,0.0,23.0584720931741
23CTI3,0.0,23.0584720931741
24DECOAR,0.0,16.0102346719812
25DKGLCNt2rpp,0.0,inf
25DKGLCNtex,-inf,inf
26DAHtex,-inf,inf
2AGPA120tipp,0.0,inf
2AGPA141tipp,0.0,inf
2AGPA160tipp,0.0,inf
2AGPA161tipp,0.0,inf
2AGPA181tipp,0.0,inf
2AGPE120tipp,0.0,inf
2AGPE141tipp,0.0,inf
2AGPE160tipp,0.0,inf
2AGPE161tipp,0.0,inf
2AGPE180tipp,0.0,inf
2AGPE181tipp,0.0,inf
2AGPEAT120,0.0,16.4770053621265
2AGPEAT141,0.0,16.4770053621265
2AGPEAT160,0.0,16.4770053621265
2AGPEAT161,0.0,16.4770053621265
2AGPEAT180,0.0,16.4770053621265
2AGPEAT181,0.0,16.4770053621265
2AGPG120tipp,0.0,inf
2AGPG140tipp,0.0,inf
2AGPG141tipp,0.0,inf
2AGPG160tipp,0.0,inf
2AGPG161tipp,0.0,inf
2AGPG180tipp,0.0,inf
2AGPG181tipp,0.0,inf
2AGPGAT120,0.0,16.4770053621265
2AGPGAT140,0.0,16.4770053621265
2AGPGAT141,0.0,16.4770053621265
2AGPGAT160,0.0,16.4770053621265
2AGPGAT161,0.0,16.4770053621265
2AGPGAT180,0.0,16.4770053621265
2AGPGAT181,0.0,16.4770053621265
2DDARAA,-2.4272075887551696,2.4272075887551696
2DGULRx,0.0,inf
2DHGLCK,0.0,14.096474842385799
2DHGLCNkt_tpp,0.0,3.40742603806015
2DHGLCNtex,-inf,inf
2HH24DDH,0.0,1.91375982959542
2HH24DDH1,0.0,1.91375982959542
2INSD,0.0,3.8275196591908505
2PGLYCt6,-inf,inf
34DHPACDO,0.0,inf
34HPPOR,0.0,5.087800522582961
34dhpactex,-inf,inf
3AMACHYD,0.0,126.821596512458
3HBCOAHL,0.0,16.19694294803929
3HCINNMH,0.0,1.0268955183195
3HPPPNH,0.0,1.0268955183195
3HPTNCOAR,0.0,23.0584720931741
3HSA,0.0,inf
3M2OPLOXRD,0.0,3.7808425901763294
3MBt2pp,0.0,12.509454495892074
3MBt4pp,0.0,12.509454495892074
3MBtex,-inf,inf
3OADPCOAT,0.0,inf
3OXCOAT,0.0,201.2248445216066
3PEPTabcpp,0.0,17.083807259315254
3PEPTtex,-inf,inf
3SALATAi,-inf,inf
3_4DHBZ1t_pp,0.0,2.52056172678422
3_4DHBZt2,-inf,inf
42A12BOOXpp,0.0,0.4667706901452261
4ABUTD,-15.356755705777926,15.356755705777926
4ABUTabcpp,0.0,2.66059293382779
4ABZGLUH,-237.11951059377498,237.11951059377498
4ABZGLUtex,-inf,inf
4ABZGLUtr,0.0,15.2167244987344
4CMLCL_kt,0.0,22.264961919927302
4H2KPILY,0.0,1.960436898609951
4HALDD,-8.26184121557049,8.26184121557049
4HBADH,-inf,inf
4HBAt,-inf,inf
4HBCOAH,0.0,4.48099862539417
4HBHYOX,0.0,9.61547621699165
4HBZtex,-inf,inf
4HOXPACMOF,0.0,2.52056172678422
4HOXPACMOF_1,0.0,2.52056172678422
4HOXPACMON,0.0,2.753947071856833
4HOXPACt2pp_1,0.0,inf
4HPRO_LT_Et,-inf,inf
4HPTNCOAK,0.0,5.32118586765557
4HPTNCOAL,0.0,14.7032767395746
4HPTNtex,-inf,inf
4HPTNtpp,0.0,7.09491449020743
4OXPTCOADHx,0.0,1.82040569156638
4OXPTCOADHy,0.0,1.82040569156638
4OXPTNtex,-inf,inf
4OXPTNtpp,0.0,7.09491449020743
4PCPpp,0.0,2220.84826664197
4PEPTabcpp,0.0,17.083807259315254
4POPCOAM,0.0,43.9231219426657
4POPCOAM2,-43.9231219426657,43.9231219426657
4POPCOAM3,0.0,43.9231219426657
4hoxpactex,-inf,inf
5DGLCNR,0.0,7.561685180352661
5DH4DGLCD,0.0,3.68748845214728
5DKGR,-4.854415177510351,4.854415177510351
5DOAN,0.0,inf
6HNACMO,0.0,1.54034327747924
A24T,0.0,inf
A4HBCT,0.0,14.9366620846472
AAAN,-9.5221220789626,9.5221220789626
AABTN,0.0,inf
AACLAM,-3.3140719000311,3.3140719000311
AACOAR_syn,-0.746833104232361,0.746833104232361
AACOAT,0.0,36.734853314429294
AACPS1,0.0,19.27762950299785
AACPS2,0.0,19.27762950299785
AACPS3,0.0,19.27762950299785
AACPS4,0.0,19.27762950299785
AACPS5,0.0,19.27762950299785
AACPS6,0.0,19.27762950299785
AACPS7,0.0,19.27762950299785
AACPS8,0.0,19.27762950299785
AACPS9,0.0,19.27762950299785
AACT,-7.60836224936718,7.60836224936718
AACTOOR,0.0,10.5490175972821
AADa,-10.362309321224,10.362309321224
AADb,-10.362309321224,10.362309321224
AALDCDLsi,0.0,inf
AALDH,-0.18670827605809,0.18670827605809
AASAD3,0.0,70.3890200739
AATA,-24.458784163609796,24.458784163609796
ABG4t2,0.0,inf
ABTA,0.0,20.16449381427373
ABTt,-inf,inf
ABUTD,0.0,141.94496687316305
ABUTt2pp,0.0,215.83476712315183
ABUTt2r,0.0,11.15581949447089
ACACCT,0.0,2.7072700028423102
ACACT1r,-450.48039305915717,450.48039305915717
ACACT2r,-15.356755705777921,15.356755705777921
ACACT3r,-15.356755705777921,15.356755705777921
ACACT4r,-15.356755705777921,15.356755705777921
ACACT5r,-142.83183118443893,142.83183118443893
ACACT6r,-15.356755705777921,15.356755705777921
ACACT7r,-15.356755705777921,15.356755705777921
ACACT8r,-15.356755705777921,15.356755705777921
ACAC_Et,-inf,inf
ACACt2pp,0.0,11.8092984606742
ACACtex,-inf,inf
ACALD,-3.26739483101658,3.26739483101658
ACALDt,-inf,inf
ACCOAC,0.0,2689.205977133685
ACCOAL,0.0,6.6281438000622
ACGAMK,0.0,inf
ACGAMPM,-275.301353047654,275.301353047654
ACGApts,0.0,10.782402942354722
ACGAptspp,0.0,14.376537256472963
ACGAtex,-inf,inf
ACGK,0.0,118.513078227873
ACGS,0.0,99.84225062206369
ACHBS,0.0,1489.0918557012997
ACKr,-66.09472972456389,66.09472972456389
ACLS,0.0,575.0614902589182
ACLS_a,0.0,5.88131069582984
ACLS_d,-20.584587435404462,20.584587435404462
ACLSb,0.0,15.310078636763409
ACM6PH,0.0,inf
ACMANApts,0.0,52.60505677936694
ACNAMt2pp,0.0,4.52767569440869
ACNAMtex,-inf,inf
ACNML,0.0,22.6383784720434
ACOAD1,0.0,12.649485702935618
ACOAD10f,-inf,inf
ACOAD14f,-inf,inf
ACOAD15f,-inf,inf
ACOAD16f,-inf,inf
ACOAD17f,-inf,inf
ACOAD18f,-inf,inf
ACOAD1f,0.0,170.18459362694912
ACOAD1fr,0.0,1.5870203464937698
ACOAD2,-12.13603794377587,12.13603794377587
ACOAD20,0.0,2.1004681056535177
ACOAD22f,-inf,inf
ACOAD23f,-inf,inf
ACOAD26f,-inf,inf
ACOAD27f,-inf,inf
ACOAD28f,-inf,inf
ACOAD29f,-inf,inf
ACOAD2f,-173.07857190584951,173.07857190584951
ACOAD3,-12.13603794377587,12.13603794377587
ACOAD30f,-inf,inf
ACOAD31f,-inf,inf
ACOAD32f,-inf,inf
ACOAD33f,-inf,inf
ACOAD34f,-inf,inf
ACOAD3f,-162.5295543085674,162.5295543085674
ACOAD4_1,-12.13603794377587,12.13603794377587
ACOAD4f,-188.9954524398017,188.9954524398017
ACOAD5_1,-12.13603794377587,12.13603794377587
ACOAD5f,-188.9954524398017,188.9954524398017
ACOAD6,-12.13603794377587,12.13603794377587
ACOAD6f,-188.9954524398017,188.9954524398017
ACOAD7,-12.13603794377587,12.13603794377587
ACOAD7f,-159.63557602966702,159.63557602966702
ACOAD8f,-159.63557602966702,159.63557602966702
ACOADH1,0.0,24.505461232624306
ACOADH2,0.0,2.1004681056535177
ACOAM,0.0,3.3140719000311
ACODA,0.0,609.6491983986789
ACONCt4pp,0.0,7.74839345641074
ACONCtex,-inf,inf
ACONCtupp,0.0,7.74839345641074
ACONT,-1478.21609862091,1478.21609862091
ACONTa,-20.3045250213173,20.3045250213173
ACONTb,-20.3045250213173,20.3045250213173
ACOTA,-169.5311146607457,169.5311146607457
ACOXT,-9.47544500994808,9.47544500994808
ACP1_FMN,0.0,19.2776295029978
ACPPAT120,0.0,2714.224886125471
ACPPAT141,0.0,2714.224886125471
ACPPAT160,0.0,2714.224886125471
ACPPAT161,0.0,2714.224886125471
ACPPAT180,0.0,2714.224886125471
ACPPAT181,0.0,2714.224886125471
ACPS1,0.0,703.8902007390002
ACPS1_1,0.0,2711.4242619846
ACPpds,0.0,inf
ACS,0.0,314.7434763649259
ACS2,0.0,409.35789525736334
ACSPHAC100,0.0,3.1273636239730096
ACSPHAC101,0.0,3.1273636239730096
ACSPHAC120,0.0,3.1273636239730096
ACSPHAC121,0.0,3.1273636239730096
ACSPHAC121d6,0.0,3.1273636239730096
ACSPHAC140,0.0,3.1273636239730096
ACSPHAC141,0.0,3.1273636239730096
ACSPHAC141d5,0.0,3.1273636239730096
ACSPHAC142,0.0,3.1273636239730096
ACSPHAC160,0.0,3.1273636239730096
ACSPHAC40,0.0,3.1273636239730096
ACSPHAC50,0.0,3.1273636239730096
ACSPHAC60,0.0,3.1273636239730096
ACSPHAC70,0.0,3.1273636239730096
ACSPHAC80,0.0,3.1273636239730096
ACSPHAC90,0.0,3.1273636239730096
ACSPHACP100,0.0,3.1273636239730096
ACSPHACP40,0.0,3.1273636239730096
ACSPHACP50,0.0,3.1273636239730096
ACSPHACP60,0.0,3.1273636239730096
ACSPHACP70,0.0,3.1273636239730096
ACSPHACP80,0.0,3.1273636239730096
ACSPHACP90,0.0,3.1273636239730096
ACSPHACT40,0.0,3.1273636239730096
ACSPHACT60,0.0,3.1273636239730096
ACTD,0.0,24.64549243966787
ACTD2,0.0,64.64774058511375
ACTD_1,0.0,1.0268955183195
ACTDa,0.0,22.91844088613054
ACTNabc,0.0,88.4530457825203
ACTNabc1,0.0,4.7610610394813
ACYP_2,0.0,22.4049931269708
ACYSBMNt,-inf,inf
ACt2rpp,0.0,12.509454495892074
ACt4pp,0.0,79.72443387680458
ACt5pp,0.0,2.80062414087135
ACtex,-inf,inf
ADA,0.0,510.9738745019783
ADADir,0.0,inf
ADCL,0.0,467.3774920424147
ADCPS1,0.0,54.9855872991076
ADCPS2,0.0,130.1823454815034
ADCS,0.0,424.2012032039817
ADD,0.0,72.6295193865971
ADK1,-296.586096518276,296.586096518276
ADK2,-296.586096518276,296.586096518276
ADK4,-inf,inf
ADMDC,0.0,inf
ADNCYC,0.0,1512.8038067606763
ADNK1,0.0,132.376167725186
ADNK3,0.0,132.376167725186
ADNK4,0.0,132.376167725186
ADNUC,0.0,7.795070525425269
ADNt2,0.0,2.14714517466804
ADOCBIAH,-48.4041205680599,48.4041205680599
ADOCBIK,0.0,75.1967581823958
ADPGLC,0.0,inf
ADPRDP,0.0,166.45042810578724
ADPRDP_1,0.0,124.72112840680401
ADPT,0.0,50.737974018786
ADSELK,0.0,inf
ADSELR,0.0,548.4555609206396
ADSK,0.0,6.86152914513482
ADSL1r,-766.7175356325471,766.7175356325471
ADSL2r,-766.7175356325471,766.7175356325471
ADSS,0.0,1079.50057509886
ADtr,0.0,inf
AEPPYRTA,0.0,4.01422793524894
AEPabcpp,0.0,2.800624140871358
AEPtex,-inf,inf
AGDC,0.0,30.013355376338
AGM3PA,0.0,inf
AGM3PApp,0.0,inf
AGM3PH,0.0,249.25554853755
AGM3Pt2pp,0.0,inf
AGM4PApp,0.0,inf
AGM4PCPpp,0.0,2220.84826664197
AGM4PH,0.0,249.25554853755
AGM4Pt2pp,0.0,inf
AGMDA,0.0,16.1035888100103
AGMH,0.0,249.25554853755
AGMtex,-inf,inf
AGPAT120,0.0,inf
AGPAT141,0.0,inf
AGPAT160,0.0,578.8423328490944
AGPAT161,0.0,170.884749662167
AGPAT180,0.0,170.884749662167
AGPAT181,0.0,170.884749662167
AGPATr_BS,-inf,inf
AGPR,-216.25486074428295,216.25486074428295
AH6PI,-2.14714517466804,0.0
AHCYSNS,0.0,50.5512657427279
AHCi,-1844.53773624689,1844.53773624689
AHGDx,-5.55457121272818,5.55457121272818
AHMMPS,0.0,6769.85538159029
AHSERL2,0.0,55.965805748412585
AI2abcpp,0.0,1.54034327747924
AI2tpp,0.0,8.72861190571572
AICART,-836.126337257142,836.126337257142
AIRC2,0.0,0.980218449304974
AIRC3,-0.980218449304974,0.980218449304974
AIRCr,-85.6524216416489,85.6524216416489
AKGDH,0.0,9.5221220789626
AKGDa,-2336.51404365996,2336.51404365996
AKGDb,0.0,2010.3813624554896
AKGt2r,0.0,25.812419165031
AKGt2rpp,0.0,30.293417790425167
AKGtex,-inf,inf
AKP1,0.0,2.05379103663899
ALAALAD,0.0,90.83357630226091
ALAALAabcpp,0.0,16.243620017053857
ALAALAr,-390.313651099438,390.313651099438
ALAD_L,0.0,7.84174759443979
ALAGLNtr,0.0,132.609553070259
ALAGLUE,-1.0268955183195,1.0268955183195
ALAGLUabcpp,0.0,3.5941343141182394
ALAGLYtr,0.0,132.609553070259
ALAHISabcpp,0.0,3.5941343141182394
ALAHIStex,-inf,inf
ALAHIStr,0.0,132.609553070259
ALALEUabcpp,0.0,3.5941343141182394
ALALEUt,0.0,132.609553070259
ALALEUtex,-inf,inf
ALAR,-371.03602159644004,371.03602159644004
ALAS,-inf,inf
ALATA_L2,0.0,inf
ALATHRabcpp,0.0,3.5941343141182394
ALATHRtex,-inf,inf
ALATHRtr,0.0,132.609553070259
ALATRPabcpp,0.0,3.5941343141182394
ALATRPtex,-inf,inf
ALAabc,0.0,126.07476340822532
ALAabcpp,0.0,37.29497814260355
ALAt2pp,0.0,288.230901164677
ALAt2r,0.0,2.24049931269708
ALAtex,-inf,inf
ALCD1,-49.61772436243746,49.61772436243746
ALCD19,-206.12593676813125,206.12593676813125
ALCD19y,-242.11395697832822,242.11395697832822
ALCD22_L,-8.82196604374476,8.82196604374476
ALCD2ir,-497.0641079356501,497.0641079356501
ALCD2x,-75.80356007958461,75.80356007958461
ALCD2y,-72.58284231758263,72.58284231758263
ALCD4,-38.41522779895205,38.41522779895205
ALDD1,0.0,311.00931084376367
ALDD19xr,-118.65310943491632,118.65310943491632
ALDD20x,0.0,39.2554150412135
ALDD20y,0.0,12.696162771950137
ALDD2x,0.0,296.95951307039303
ALDD2y,0.0,58.85978402731297
ALDD3,0.0,110.95139304752007
ALDD31,-2.66059293382779,2.66059293382779
ALDD31_1,0.0,110.95139304752007
ALDD3y,0.0,18.064025708620225
ALDD4,0.0,110.95139304752007
ALDD4x,0.0,110.95139304752007
ALDD5,0.0,110.95139304752007
ALDD6,0.0,110.95139304752007
ALDH_1,-inf,inf
ALGAC4,0.0,inf
ALGE6,-inf,inf
ALGSex7,0.0,inf
ALKP,0.0,209.3466545301335
ALLTAHr,-3.40742603806015,3.40742603806015
ALLTAMH,0.0,235.39245904023764
ALLTN,0.0,55.31232678220924
ALLTNRA,-0.653478966203316,0.653478966203316
ALLTNt2rpp,0.0,7.32829983528004
ALLTNtex,-inf,inf
ALPHNH,0.0,21.14471226357869
ALR2,0.0,392.1807338600188
ALR3,0.0,5.32118586765557
AM3PA,0.0,inf
AM4PA,0.0,inf
AMALT1,0.0,80.7980064641385
AMALT2,0.0,80.7980064641385
AMALT3,0.0,80.7980064641385
AMALT4,0.0,80.7980064641385
AMANAPEr,-inf,inf
AMANK,0.0,224.6100560978827
AMAOTr,-259.897920272862,259.897920272862
AMID2,0.0,37.108269866545506
AMID4,0.0,174.85230052840203
AMID_1,0.0,0.746833104232361
AMMQLT8,0.0,169.3910834537021
AMMQT8,0.0,153.66091119580798
AMMQT8_2,0.0,163.6498039649158
AMPEP1,-192.07613899476002,192.07613899476002
AMPEP10,-192.07613899476002,192.07613899476002
AMPEP11,0.0,192.07613899476002
AMPEP12,-192.07613899476002,192.07613899476002
AMPEP13,-192.07613899476002,192.07613899476002
AMPEP14,-192.07613899476002,192.07613899476002
AMPEP15,0.0,192.07613899476002
AMPEP16,0.0,192.07613899476002
AMPEP17,0.0,192.07613899476002
AMPEP18,0.0,192.07613899476002
AMPEP2,-192.07613899476002,192.07613899476002
AMPEP3,-192.07613899476002,192.07613899476002
AMPEP4,-192.07613899476002,192.07613899476002
AMPEP5,-192.07613899476002,192.07613899476002
AMPEP6,-192.07613899476002,192.07613899476002
AMPEP7,-192.07613899476002,192.07613899476002
AMPEP8,-192.07613899476002,192.07613899476002
AMPEP9,-192.07613899476002,192.07613899476002
AMPTASEAH,0.0,150.90696412395098
AMPTASEAL,0.0,150.90696412395098
AMPTASEAT,0.0,150.90696412395098
AMPTASEATRP,0.0,150.90696412395098
AMPTASECG,0.0,696.4685467656902
AMPTASEGGLN,0.0,150.90696412395098
AMPTASEGGLU,0.0,150.90696412395098
AMPTASEGM,0.0,150.90696412395098
AMPTASEGS,0.0,150.90696412395098
AMPTASEHG,0.0,150.90696412395098
AMPTASEHH,0.0,150.90696412395098
AMPTASEPG,0.0,150.90696412395098
ANDO1,0.0,1.7737286225518605
ANDO2,0.0,1.7737286225518605
ANHGMtex,-inf,inf
ANHMK,0.0,inf
ANPRT,0.0,181.760506742551
ANS,0.0,474.42572946360804
ANS2,0.0,245.521383016389
AOBUTDs,0.0,inf
AOXSr,-316.330496711419,316.330496711419
AP3S,0.0,126.401502891327
AP4AH,0.0,162.716262584626
AP4AS,0.0,568.5733776658996
APAT_1,-10.362309321224,10.362309321224
APCt6,0.0,355.86597416672004
APCtex,-inf,inf
APENTAMAH2,0.0,9.47544500994808
APG3PAT120,0.0,inf
APG3PAT141,0.0,inf
APG3PAT160,0.0,inf
APG3PAT161,0.0,inf
APG3PAT180,0.0,inf
APG3PAT181,0.0,inf
APPLDHr,-inf,inf
APRAUR,0.0,83.3652452599373
APRTO2,0.0,10.5490175972821
APSR,0.0,1115.7219806541327
APTNAT,-15.9635576029667,15.9635576029667
ARABR,0.0,252.75632871363933
ARABRr,-460.28257755220693,460.28257755220693
ARACHTA,-inf,inf
ARBT6Pt,-inf,inf
ARBTpts,0.0,7.188268628236481
ARBabcpp,0.0,18.15737984664925
ARBt2r,0.0,3.4541031070746704
ARBt3ipp,0.0,65.6279590344188
ARGAGMt7pp,-4.85441517751035,4.85441517751035
ARGDI_1,0.0,12.416100357863
ARGDr,0.0,94.42771061637907
ARGN_1,0.0,1.35363500142115
ARGR,-inf,inf
ARGSL,-517.5086641640113,517.5086641640113
ARGSS,0.0,1096.1642887370501
ARGabc,0.0,224.98347264999882
ARGabcpp,0.0,457.94872410148065
ARGt2r,0.0,369.63570952600406
ARGt5r,-82.05828732753062,82.05828732753062
ARUH,-32.7673024481948,32.7673024481948
ASAD,-674.156907776749,674.156907776749
ASCBPL,0.0,inf
ASCBpts,0.0,3.5941343141182407
ASNN,0.0,262.8852526897914
ASNN_1,0.0,122.947399784252
ASNNpp,0.0,36.4081138313276
ASNS1,0.0,221.24930712883702
ASNS2,0.0,36.4081138313276
ASNabc,0.0,123.9742953025718
ASNt2r,0.0,14.7499538085891
ASNt2rpp,0.0,14.7499538085891
ASNtex,-inf,inf
ASO3t2pp,0.0,62.6873036865038
ASO3t4pp,0.0,8.635257767686669
ASO3t8pp,0.0,62.6873036865038
ASO3tex,-inf,inf
ASO3tex_1,-inf,inf
ASO4rt2rpp,0.0,inf
ASO4t4pp,0.0,8.635257767686669
ASO4tex,-inf,inf
ASP1DC,0.0,44.29653849478189
ASP3H,0.0,inf
ASPA2,0.0,1.40031207043568
ASPCT,0.0,62.8273348935474
ASPK,-1023.34806107439,1023.34806107439
ASPO1,0.0,1.8670827605809
ASPO5,0.0,313.576549639563
ASPO6,0.0,313.576549639563
ASPT,0.0,49.43101608637943
ASPTA,-266.5260640729235,266.5260640729235
ASPabc,0.0,246.2682161206208
ASPabcpp,0.0,432.1829820054645
ASPt2_2pp,0.0,11.15581949447089
ASPt2pp,0.0,87.37947319518629
ASPt2r,0.0,89.1532018177381
ASPtex,-inf,inf
ASR,0.0,112.44505925598482
ASR2,0.0,2.33385345072613
ATAH_1,-17.0838072593153,17.0838072593153
ATPHs,0.0,inf
ATPPRT,0.0,74.496602147178
ATPS4rpp,-3670.9180926471295,3670.9180926471295
AT_MBD2,-inf,inf
BALAt2pp,0.0,292.05842082386783
BALAt2r,0.0,8.40187242261406
BALAtex,-inf,inf
BCOALIG,0.0,3.3140719000311
BCOALIG2,0.0,3.3140719000311
BCT1_syn,0.0,0.37341655211618
BDH,-4.43432155637964,4.43432155637964
BEF,0.0,2.80062414087135
BETALDHx,0.0,52.83844212443953
BETALDHy,0.0,25.39232554390029
BGLA,-52.41834850330879,52.41834850330879
BG_CELLB,0.0,9.84886156206426
BKDA2,0.0,3.7808425901763294
BKDC1,-inf,inf
BMNMSHS,0.0,inf
BMNt,-inf,inf
BPNT,0.0,176.15925846080813
BPNT2,0.0,57.08605540476111
BSCT,-3.5007801760891897,3.5007801760891897
BTDD_RR,-11.575913115601601,11.575913115601601
BTNTe,-inf,inf
BTNt,0.0,80.09785042892071
BTS,-143.29860187458428,143.29860187458428
BTS2,-687.0864558937719,687.0864558937719
BTS3r,-687.0864558937719,687.0864558937719
BTS_nadph,0.0,5.32118586765557
BUPN,0.0,2.4738846577697005
BUTCT,0.0,inf
BUTSO3abcpp,0.0,11.622590184616127
BUTSO3tex,-inf,inf
BUTSabc,0.0,0.560124828174271
BUTt2rpp,0.0,12.509454495892074
BUTt4pp,0.0,12.509454495892074
BUTtex,-inf,inf
BZ12DOX,0.0,2.707270002842311
BZALCt2pp,0.0,inf
BZALCtex,-inf,inf
BZALDH,-16.7570677762136,16.7570677762136
BZDH,-1.07357258733402,1.07357258733402
BZDIOLDH,0.0,0.606801897188793
BZSCD,-59.466585924501715,59.466585924501715
BZSCT,-0.8401872422614058,0.8401872422614058
BZSS,-inf,inf
BZt,-inf,inf
BZt1pp,0.0,2.80062414087135
BZt2_pp,0.0,2.80062414087135
BZtex,-inf,inf
C4HP,-3.5007801760891897,3.5007801760891897
CA2abc,0.0,13.396318807167999
CA2abc1,0.0,13.396318807167999
CA2abcpp,0.0,13.396318807167999
CA2tex,-inf,inf
CAATPS,0.0,10.8290800113692
CARBSARAH,0.0,6.86152914513482
CARNabcpp,0.0,3.5941343141182394
CARNtex,-inf,inf
CAT,0.0,851.7631553770083
CATDOX,0.0,21.51812881569489
CATpp,0.0,6.021341902873409
CAt4,0.0,4.57435276342321
CBMD,0.0,inf
CBPAH,0.0,8.26184121557049
CBPS,0.0,180.6402570862026
CD2t3pp,0.0,39.7688628003732
CD2t4pp,0.0,63.2941055836926
CD2tpp,0.0,inf
CDAPPA160190,0.0,inf
CDAPPA190,0.0,inf
CDGUNPD,0.0,168.87763569454262
CDPMEK,0.0,44.8566633229562
CDPPT160,0.0,146.19258015348498
CGLYabcpp,0.0,14.28318311844391
CHCD,0.0,inf
CHCOAL,0.0,inf
CHLabc,0.0,81.9182561204871
CHLabc_rev,0.0,36.0346972792114
CHLabcpp,0.0,19.8844314001866
CHLt3pp,0.0,2.28717638171161
CHOD,0.0,51.20474470893121
CHOL1,0.0,21.704837091753006
CHOLCOA,0.0,28.706397443931397
CHOLD,0.0,48.68418298214705
CHOLD3,0.0,5.32118586765557
CHOLSH,0.0,inf
CHOLSabc_1,0.0,35.9413431411824
CHORM,0.0,382.891997126129
CHORS,0.0,347.51077881312006
CHSTEROLt_1,0.0,0.4200936211307029
CIGAMS,0.0,212.754080568194
CITACt,-6.44143552400411,0.0
CITL,0.0,273.8076868391894
CITt14,0.0,208.59982142590096
CITt4pp_1,0.0,7.74839345641074
CITt_kt,0.0,210.98035194564162
CITtex,-inf,inf
CITtupp,0.0,7.74839345641074
CLPNH140pp,0.0,inf
CLPNS140pp,-inf,inf
CMCBTFL,0.0,23.1518262312032
CMCBTFU,0.0,23.1518262312032
CMCBTFtex,0.0,inf
CMCBTFtpp,0.0,inf
CMCMSAD,0.0,0.4667706901452261
CMHMI,0.0,inf
CMLDC,0.0,52.5117026413379
CMt2ex,0.0,355.86597416672004
CMt2ppi,0.0,inf
CMtex,-inf,inf
CMtexabc,0.0,8.6819348367012
CMtpp,0.0,355.86597416672004
CO2t,-inf,inf
CO2tex,-inf,inf
CO2tpp,-inf,inf
COBALT2abcpp,0.0,111.324809599636
COBALT2t3pp,0.0,39.7688628003732
COBALT2tpp,0.0,29.033136927033
COBALTt4pp,0.0,63.2941055836926
COBALTt5,-111.0914242545637,111.0914242545637
COCO2,-1.9604368986099496,1.9604368986099496
COabc,0.0,1250.2452935539861
COt_1,-inf,inf
CPPPGO,0.0,94.241002340321
CPPPGO2,0.0,94.241002340321
CREAT,0.0,19.8844314001866
CREATtex,-inf,inf
CREATtpp,0.0,1.1669267253630602
CRNDH,0.0,inf
CRNDt2rpp,0.0,476.05942687911596
CRNabc,0.0,71.9760404203938
CRNabcpp,0.0,19.8844314001866
CRNt2rpp,0.0,476.05942687911596
CRNt8pp,0.0,inf
CRNtex,-inf,inf
CRO4abcpp,0.0,6.908206214149338
CRO4t3pp,0.0,9.28873673388999
CRTNIH,0.0,inf
CRTNtex,-inf,inf
CRTNtpp,0.0,inf
CS,0.0,2183.7399967754195
CSND,0.0,34.167614518630565
CSNt2,0.0,9.335413802904522
CTBTabcpp,0.0,inf
CTBTt2rpp,-476.05942687911596,476.05942687911596
CTECOAI6,-144.60555980699093,144.60555980699093
CTECOAI7,-144.60555980699093,144.60555980699093
CTECOAI8,-144.60555980699093,144.60555980699093
CTI1,-inf,inf
CTPS1,0.0,735.8639930139481
CTPS2,0.0,735.8639930139481
CU2t4pp,0.0,63.2941055836926
CUabcpp,0.0,37.7150717637342
CYANST,0.0,9362.066409311805
CYANt2pp,0.0,37.341655211618
CYANtex,-inf,inf
CYO1b,0.0,316.423850849448
CYP1,0.0,55.1256185061511
CYP2,0.0,55.1256185061511
CYP3,0.0,55.1256185061511
CYS,-3.1740406929875298,3.1740406929875298
CYSK2_I,0.0,inf
CYSS,0.0,215.22796522596343
CYSTA,0.0,1.40031207043568
CYSTGL,0.0,93.02739854594351
CYSTL,0.0,0.9335413802904508
CYSTS,0.0,409.4045723263775
CYSabc,0.0,186.1481512299158
CYSabcpp,0.0,2.2871763817116038
CYSt2r,0.0,74.403248009149
CYStpp,0.0,1.68037448452281
CYTBD,0.0,91.4870552684642
CYTBD2,0.0,39.5354774553006
CYTD,0.0,49.057599534263204
CYTDH,0.0,7.795070525425269
CYTK1,-171.304843283298,171.304843283298
CYTK2,-171.304843283298,171.304843283298
CYTOM,-333.927751729895,333.927751729895
Clt,-2.28717638171161,2.28717638171161
Cobalt2abcppI,0.0,111.324809599636
Cotpp,-inf,inf
Cuabc,0.0,23.4318886452903
Cut1,0.0,102.64287476293504
D4DGCD,0.0,18.2040569156638
D5KGK,0.0,4.2476132803215485
D5KGPA,0.0,inf
DAAD,0.0,23.1518262312032
DAAD12,0.0,19.4176607100414
DAAD2,0.0,19.4176607100414
DAAD4,0.0,19.4176607100414
DAAD5,0.0,19.4176607100414
DAAD7,0.0,19.4176607100414
DAAD8,0.0,19.4176607100414
DABAAT2,-375.09692660070306,375.09692660070306
DACL,-22.3583160579563,22.3583160579563
DADA,0.0,72.6295193865971
DADNt2,0.0,2.14714517466804
DAGK140,0.0,inf
DAGK160,0.0,154.6878067141277
DAGLIPA160ex,0.0,3.22071776200206
DAGLIPA180ex,0.0,3.22071776200206
DAGLIPA181d9ex,0.0,3.22071776200206
DAGLIPA182d9d12ex,0.0,3.22071776200206
DALAabcpp,0.0,5.64792535075723
DALAt2pp,0.0,288.230901164677
DALAt2r,0.0,3.1740406929875307
DAPDA,-3.8275196591908505,3.8275196591908505
DAPDC,0.0,343.916644499002
DAPE,-130.229022550518,130.229022550518
DAPabcpp,0.0,1.3069579324066298
DARBabcpp,0.0,17.6439320874895
DARBt3ipp,0.0,28.4730120988588
DASYN120,0.0,176.53267501292405
DASYN140,0.0,176.53267501292405
DASYN141,0.0,inf
DASYN160,0.0,364.12781538229
DASYN160190,0.0,187.595140369366
DASYN161,0.0,176.53267501292405
DASYN180,0.0,176.53267501292405
DASYN181,0.0,176.53267501292405
DASYN190190,0.0,187.595140369366
DATPHs,0.0,inf
DB4PS,0.0,15.636818119865058
DBTS,0.0,117.066089088423
DCAtex,-inf,inf
DCTPD,0.0,74.63663335422159
DCTPD2,0.0,74.63663335422159
DDGALK,0.0,9.9422157000933
DDGLK,0.0,14.096474842385799
DDPA,0.0,689.2336010684401
DDPGA,-12.182715012790378,12.182715012790378
DDPGALA,-8.72861190571572,8.72861190571572
DESAT16,0.0,4902.67926687136
DESAT18,0.0,1204.92185954089
DESATPE160,0.0,inf
DGAK,0.0,3.22071776200206
DGK1,-524.790286930277,524.790286930277
DGNSK,0.0,inf
DGUNC,0.0,425.60151527441644
DHACOAH,-115.80580822503046,115.80580822503046
DHAD1,0.0,552.5631429939181
DHAD2,0.0,552.5631429939181
DHAD3,0.0,inf
DHAK,0.0,66.6548545527382
DHAPT,0.0,7.188268628236481
DHBD,-4.7610610394813,4.7610610394813
DHBS,0.0,18.62415053679448
DHBSH,0.0,inf
DHBZS2H,0.0,2.33385345072613
DHBZS3H,0.0,2.33385345072613
DHCINDO,0.0,4.9944463845539095
DHDPRy,0.0,310.44918601559
DHDPS,0.0,234.97236541910627
DHEDAA,0.0,7.748393456410751
DHFR,-52.791765055424996,52.791765055424996
DHFS,0.0,322.81860930443804
DHNAOT,0.0,163.32306448181401
DHNCOAS,0.0,18.0640257086202
DHNCOAT,0.0,inf
DHNPA2r,-27.3527624425102,27.3527624425102
DHNPA_1,0.0,27.3527624425102
DHORD2,0.0,127.24169013358801
DHORDi,0.0,127.24169013358801
DHORTS,-175.7858419086917,175.7858419086917
DHPACCOAHIT,0.0,0.8401872422614058
DHPDO,0.0,inf
DHPM1,0.0,24.1787217495227
DHPPDA,0.0,72.0693945584228
DHPPDA2,0.0,83.3652452599373
DHPS,0.0,1.1669267253630602
DHPS2,0.0,278.47539374064206
DHQS,0.0,262.558513206689
DHQTi,0.0,223.34977523449055
DHR_1,-3.40742603806015,3.40742603806015
DHSKDH,0.0,146.379288429543
DIPEPabc1,0.0,137.7440306618565
DIPEPabc10,0.0,137.7440306618565
DIPEPabc12,0.0,137.7440306618565
DIPEPabc13,0.0,137.7440306618565
DIPEPabc14,0.0,137.7440306618565
DIPEPabc15,0.0,137.7440306618565
DIPEPabc3,0.0,137.7440306618565
DIPEPabc8,0.0,137.7440306618565
DKDID,0.0,6.3014043169605385
DKGLCNR1,0.0,239.87345766563175
DLYSAD,0.0,19.4176607100414
DLYSPYRAT,-inf,inf
DMALRED,0.0,419.813558716616
DMATT,0.0,157.348399647956
DMGDH2,-4.52767569440869,4.52767569440869
DMPPS,0.0,4652.396822815488
DMSO2abcpp,0.0,1.727051553537335
DMSO2tex,-inf,inf
DNMPPA,0.0,385.08581936981153
DNTAep,0.0,inf
DNTPPA,0.0,80.19120456694979
DOP1,0.0,141.05810256188698
DOP2,0.0,141.05810256188698
DOPAtex,-inf,inf
DOPDH,-16.1969429480393,16.1969429480393
DORNabcpp,0.0,0.980218449304974
DORNtex,-inf,inf
DPCOAK,0.0,186.614921920061
DPR,0.0,79.4910485317319
DRBK,0.0,inf
DRIBabc,0.0,1.54034327747924
DRIBtex_1,0.0,inf
DRPA,0.0,48.964245396234205
DRU1Ptex,0.0,inf
DSERDHr,-115.43239167291401,115.43239167291401
DSERt2,0.0,0.9335413802904508
DSERt2pp,0.0,288.230901164677
DSERtex,-inf,inf
DTARTD,0.0,357.45299451321404
DTBTST,0.0,687.0864558937719
DTMPK,-112.211673910912,112.211673910912
DURADx,-inf,inf
DURIK1,0.0,inf
DUTPDP,0.0,228.39089868805922
DVALabcpp,0.0,5.64792535075723
DVALtex,-inf,inf
DXPRIi,0.0,144.465528599947
DXPS,0.0,545.328197296667
DXYLK,0.0,58.99981523435657
DXYLUDtex,-inf,inf
DXYLUDtpp,0.0,inf
D_LACt2,0.0,15.9635576029667
E4PD,-inf,inf
ECHA191,-7.09491449020743,7.09491449020743
ECHA192,-7.09491449020743,7.09491449020743
ECHA193,-2.8939782789004,2.8939782789004
ECHA20,0.0,4.20093621130703
ECOAH1,-150.62690170986434,150.62690170986434
ECOAH12,0.0,306.6683434254131
ECOAH14,-29.07981399604751,29.07981399604751
ECOAH15,-29.07981399604751,29.07981399604751
ECOAH16,-29.07981399604751,29.07981399604751
ECOAH17,-29.07981399604751,29.07981399604751
ECOAH18,-29.07981399604751,29.07981399604751
ECOAH19,-29.07981399604751,29.07981399604751
ECOAH1_1,-25.952450372074527,25.952450372074527
ECOAH2,-176.57935208193885,176.57935208193885
ECOAH20,-29.07981399604751,29.07981399604751
ECOAH21,-29.07981399604751,29.07981399604751
ECOAH22,-29.07981399604751,29.07981399604751
ECOAH23,-29.07981399604751,29.07981399604751
ECOAH25,-29.07981399604751,29.07981399604751
ECOAH26,-29.07981399604751,29.07981399604751
ECOAH27,-29.07981399604751,29.07981399604751
ECOAH28,-29.07981399604751,29.07981399604751
ECOAH29,-29.07981399604751,29.07981399604751
ECOAH3,-176.57935208193885,176.57935208193885
ECOAH30,-29.07981399604751,29.07981399604751
ECOAH31,-29.07981399604751,29.07981399604751
ECOAH32,-29.07981399604751,29.07981399604751
ECOAH33,-29.07981399604751,29.07981399604751
ECOAH34,-29.07981399604751,29.07981399604751
ECOAH35,-29.07981399604751,29.07981399604751
ECOAH36,-29.07981399604751,29.07981399604751
ECOAH37,-29.07981399604751,29.07981399604751
ECOAH38,-29.07981399604751,29.07981399604751
ECOAH4,-176.57935208193885,176.57935208193885
ECOAH5,-150.62690170986434,150.62690170986434
ECOAH5_1,-25.952450372074527,25.952450372074527
ECOAH6,-176.57935208193885,176.57935208193885
ECOAH7,-176.57935208193885,176.57935208193885
ECOAH8,-150.62690170986434,150.62690170986434
ECOAH9ir,0.0,307.1351141155584
EDA,0.0,804.9927322244562
EDD,0.0,2146.81843518494
EHGLAT,0.0,1.40031207043568
ENO,-3043.531608022926,3043.531608022926
ENTCS,0.0,inf
ENTERES,0.0,2.33385345072613
ENTERES2,0.0,2.33385345072613
ENTERGLCT1,0.0,11.5759131156016
ENTERGLCT2,0.0,11.5759131156016
ENTERH,0.0,2.33385345072613
ETHAAL,0.0,17.503900880446
ETHAt2pp,0.0,45.3234340131014
ETHAtex,-inf,inf
ETHSO3abcpp,0.0,7.048237421192917
ETHSO3tex,-inf,inf
ETHSabc,0.0,0.560124828174271
F1PP,0.0,188.4820046806419
F6PP,0.0,188.4820046806419
FA100ACPHi,0.0,inf
FA120ACPHi,0.0,38.3685507299375
FA140ACPHi,0.0,38.3685507299375
FA141ACPHi,0.0,38.3685507299375
FA160ACPHi,0.0,38.3685507299375
FA161ACPHi,0.0,38.3685507299375
FA80ACPHi,0.0,inf
FACOAE100,0.0,4.20093621130703
FACOAE120,0.0,4.20093621130703
FACOAE140,0.0,1163.425945186974
FACOAE141,0.0,4.20093621130703
FACOAE160,0.0,1163.425945186974
FACOAE161,0.0,82.99182870782111
FACOAE180,0.0,1084.63505269046
FACOAE181,0.0,4.20093621130703
FACOAE1829Z12Z,0.0,4.20093621130703
FACOAE50,0.0,4.20093621130703
FACOAE60,0.0,4.20093621130703
FACOAE70,0.0,4.20093621130703
FACOAE80,0.0,4.20093621130703
FACOAE90,0.0,4.20093621130703
FACOAL100t2pp,0.0,160.19570085784142
FACOAL120t2pp,0.0,160.19570085784142
FACOAL140,0.0,136.4837497984639
FACOAL140_ISO,-133.35638617449086,133.35638617449086
FACOAL140t2pp,0.0,160.19570085784142
FACOAL141,0.0,3.1273636239730096
FACOAL141t2pp,0.0,160.19570085784142
FACOAL150_ISO,-133.35638617449086,133.35638617449086
FACOAL150_anteiso,-133.35638617449086,133.35638617449086
FACOAL160,0.0,918.931457688905
FACOAL160_ISO,-133.35638617449086,133.35638617449086
FACOAL160t2pp,0.0,160.19570085784142
FACOAL161,0.0,136.4837497984639
FACOAL161t2pp,0.0,160.19570085784142
FACOAL170_ISO,-133.35638617449086,133.35638617449086
FACOAL170_anteiso,-133.35638617449086,133.35638617449086
FACOAL180,0.0,3.1273636239730096
FACOAL180_2,-133.35638617449086,133.35638617449086
FACOAL180t2pp,0.0,160.19570085784142
FACOAL181,0.0,1126.9711542866319
FACOAL1812,0.0,3.1273636239730096
FACOAL181d11tpp,0.0,6.86152914513481
FACOAL181d6t2pp,0.0,6.86152914513481
FACOAL181t2pp,0.0,160.19570085784142
FACOAL1821,0.0,3.1273636239730096
FACOAL182t2pp,0.0,6.86152914513481
FACOAL200,-inf,inf
FACOAL50i,0.0,3.1273636239730096
FACOAL50t2pp,0.0,6.86152914513481
FACOAL60i,0.0,3.1273636239730096
FACOAL60t2pp,0.0,160.19570085784142
FACOAL70t2pp,0.0,6.86152914513481
FACOAL80,0.0,193.149711582094
FACOAL80t2pp,0.0,160.19570085784142
FACOAL90i,0.0,3.1273636239730096
FACOALP50t2pp,0.0,6.86152914513481
FACOALP60t2pp,0.0,6.86152914513481
FACOALP70t2pp,0.0,6.86152914513481
FACOALP80t2pp,0.0,6.86152914513481
FACOALPREPH,-inf,inf
FACOAL_70_c,0.0,3.1273636239730096
FADB2,0.0,4.38764448736512
FADB3,0.0,4.38764448736512
FADD17,0.0,9.288736733889992
FADD3,0.0,31.36699037775917
FADE233,-24.505461232624306,24.505461232624306
FADE281,0.0,1.960436898609948
FADE282,0.0,15.7768493269086
FADE30,0.0,9.568799147977119
FADE51,0.0,13.909766566327722
FADE52,0.0,13.816412428298671
FADMQOR,0.0,673.1300122584298
FADRx2,0.0,158.608680511348
FALDtpp,-inf,inf
FALDtpp2,0.0,47.37722504974036
FAO1,0.0,16.9437760522717
FAO10,0.0,16.9437760522717
FAO11,0.0,16.9437760522717
FAO2,0.0,16.9437760522717
FAO3,0.0,16.9437760522717
FAS100,0.0,8.028455870497881
FAS120,0.0,8.028455870497881
FAS140,0.0,567.3130968025068
FAS160,0.0,8.028455870497881
FAS161,0.0,3.3140719000311
FAS180,0.0,8.028455870497881
FAS181,0.0,3.3140719000311
FAS200,0.0,3.3140719000311
FAS80_L,0.0,8.028455870497881
FASm220,0.0,5.69460241977175
FASm240,0.0,5.69460241977175
FASm260,0.0,5.69460241977175
FASm280,0.0,5.69460241977175
FBA,-1630.570051884314,1630.570051884314
FBA2,-1.07357258733402,1.07357258733402
FBA3,-1.07357258733402,1.07357258733402
FBACS,0.0,43.0362576313898
FBACabcpp,0.0,inf
FBP,0.0,2608.641356014623
FCLPA,-58.8597840273129,58.8597840273129
FCLT,0.0,218.07526643584953
FCLT2,0.0,150.860287054937
FCOAH2,0.0,1080.434116479153
FCOAHA,0.0,3.68748845214728
FDH,0.0,354.885755717415
FDMO,0.0,23.758628128392
FDMO1,0.0,13.2096105311099
FDMO2,0.0,15.03001622267628
FDMO2_1,0.0,13.2096105311099
FDMO3,0.0,15.03001622267628
FDMO3_1,0.0,13.2096105311099
FDMO4,0.0,15.03001622267628
FDMO4_1,0.0,13.2096105311099
FDMO5,0.0,13.2096105311099
FDMO5_1,0.0,13.2096105311099
FDMO6,0.0,15.03001622267628
FDMO6_1,0.0,13.2096105311099
FDMO7,0.0,7.42165397330909
FDMO_1,0.0,13.2096105311099
FDMOtau,0.0,13.2096105311099
FE2Gabcpp,0.0,449.03340391970704
FE2abc,0.0,481.3806127467711
FE2abcpp,0.0,654.5525387906495
FE2t,0.0,39.7688628003732
FE2t2pp,0.0,7.32829983528004
FE2t3pp,0.0,39.7688628003732
FE2tex,-449.03340391970704,449.03340391970704
FE3DCIT2abcpp,0.0,24.645492439667894
FE3DCITCH,-inf,inf
FE3DCITR5,0.0,50.41123453568439
FE3DCITabc,0.0,157.02166016485398
FE3DCITabcpp,0.0,28.146272615757084
FE3DCITtonex,0.0,inf
FE3DHBZS3R,0.0,50.41123453568439
FE3Gabcpp,0.0,449.03340391970704
FE3PYOVDL2,-inf,inf
FE3Ri,0.0,55.499035058267296
FE3abc,0.0,16.05691174099576
FE3abcpp,0.0,6.53478966203315
FE3t,-22.68505554105792,22.68505554105792
FEDCabc,0.0,97.78845958542479
FEDHBZS3R1,0.0,2.33385345072613
FEDHBZS3R2,0.0,2.33385345072613
FEDHBZS3R3,0.0,2.33385345072613
FEENTER2tpp,0.0,139.424405146379
FEENTERES,0.0,2.33385345072613
FEENTERR1,0.0,2.33385345072613
FEENTERR2,0.0,2.33385345072613
FEENTERR3,0.0,2.33385345072613
FEENTERR4,0.0,50.41123453568439
FEENTERabcpp,0.0,11.06246535644185
FEENTERtex,0.0,inf
FEENTERtonex,0.0,inf
FEENTERtpp,0.0,27.6328248565974
FEOXAMR1,0.0,55.499035058267296
FEOXAMR2,0.0,55.499035058267296
FEOXAMR3,0.0,55.499035058267296
FEOXAMUtex,0.0,inf
FEOXAMUtpp,0.0,inf
FEOXAMabcpp,0.0,28.146272615757084
FEOXAMtonex,0.0,inf
FEROpp,0.0,169.4844375917314
FERULCOAS,0.0,inf
FERtex,-inf,inf
FERtpp,-inf,inf
FETRANS,-inf,inf
FFSD,0.0,inf
FGFT,0.0,115.43239167291401
FGLU,0.0,32.6272712411513
FLVR,0.0,214.10771556961532
FLVRx,0.0,55.499035058267296
FMNAT,0.0,410.7582073277989
FMNRx,0.0,86.81934836701193
FMNRx2,0.0,245.4280288783599
FMNRy,0.0,inf
FNOR,-130.322376688547,130.322376688547
FOLD3,0.0,278.47539374064206
FOMETRi,0.0,260.878138722167
FORAMD,0.0,19.37098364102686
FORCT,-2.61391586481326,2.61391586481326
FPRA,0.0,822.7766955189895
FRD,0.0,135.7835937632462
FRD2,0.0,185.0279015735675
FRD3,0.0,171.07145793822528
FRDx,0.0,14.7032767395746
FRTT,0.0,157.348399647956
FRUK,0.0,5.4145400056846205
FRUpts,0.0,7.188268628236481
FRUpts2,0.0,15.3567557057779
FRUpts2pp,0.0,3.5941343141182407
FRUptspp,0.0,63.5274909287652
FRUt3,0.0,2.80062414087135
FRUtex,-inf,inf
FTCD,0.0,0.560124828174271
FTHFCL,0.0,35.6146036580807
FTHFD,0.0,61.286991616068164
FUCpts,0.0,inf
FUM,-608.949042363462,608.949042363462
FUMAC,0.0,27.166054166452106
FUMt1pp,-inf,inf
FUMt2_2,0.0,2.80062414087135
FUMt2_2pp,0.0,11.15581949447089
FUMt2r,0.0,9.19538259586094
G1PACT,0.0,inf
G1PP,0.0,170.60468724807967
G1SAT,-152.5873386084743,152.5873386084743
G3PAT120,0.0,2.80062414087135
G3PAT141,0.0,2.80062414087135
G3PAT160,0.0,13.95644363534225
G3PAT161,0.0,2.80062414087135
G3PAT180,0.0,2.80062414087135
G3PAT181,0.0,2.80062414087135
G3PCT,0.0,inf
G3PD1ir,-125.3279303039931,125.3279303039931
G3PD5,0.0,359.32007727379505
G3PEabcpp,0.0,1.493666208464722
G3PEtex,-inf,inf
G3PGabcpp,0.0,1.493666208464722
G3POA_BS,0.0,inf
G3PT,0.0,244.07439387693802
G5SD,0.0,204.585593490652
G5SD2,0.0,204.585593490652
G6PBDH,0.0,3027.334665074891
G6PDA,0.0,33.700843828485304
G6PDH2r,-3914.7591011789937,3914.7591011789937
G6PI2_2,-inf,inf
G6PP,0.0,112.30502804894141
GAD2ktpp,-4.1075820732779915,4.1075820732779915
GADOX,0.0,inf
GALCTD,0.0,5.087800522582961
GALCTND,0.0,51.624838330061905
GALCTNt2pp,0.0,157.25504550992702
GALCTNt2r,0.0,10.8290800113692
GALCTNtex,-inf,inf
GALCTt2rpp,0.0,29.499907617178298
GALCTtex,-inf,inf
GALK2,0.0,inf
GALKr,-281.69611150264393,281.69611150264393
GALM,-inf,inf
GALM1,-77.81067404720909,77.81067404720909
GALM2,0.0,77.81067404720909
GALMAN4,0.0,17.8306403635476
GALMAN4abc,0.0,0.37341655211618
GALMAN6,0.0,17.8306403635476
GALMAN6abc,0.0,0.37341655211618
GALS3,0.0,27.446116580539304
GALT,-10.6423717353111,10.6423717353111
GALTpts,0.0,3.5941343141182407
GALURDH,-58.4863674751968,58.4863674751968
GALURt2r,0.0,22.1249307128837
GALUi,0.0,211.68050798086003
GALabcpp,0.0,12.089360874761349
GALpts,-3.5941343141182407,3.5941343141182407
GALt2,0.0,13.4429958761825
GALt2_3,0.0,inf
GAMpts,0.0,7.188268628236481
GAPD,-2564.8582652790005,2564.8582652790005
GAPDi_nadp,0.0,1.07357258733402
GAPP,0.0,73.37635249082949
GARFT,-177.0461227720838,177.0461227720838
GART,0.0,115.43239167291401
GAt1,-inf,inf
GAt2pp,0.0,inf
GBDM,0.0,36.314759693298505
GCALDD,0.0,126.1214404772399
GCCa,0.0,419.113402681398
GCCb,0.0,260.878138722167
GCCc,0.0,416.3127785405266
GCVHADPr,0.0,inf
GCVHRADPr,0.0,15.7768493269086
GDBTALDH,0.0,1.35363500142115
GDH1,-8.0751329395124,8.0751329395124
GDOCBIK,-inf,inf
GDPDPKE,0.0,inf
GDPMANNDH,0.0,inf
GDPTPDP,0.0,36.174728486255
GDTPR,0.0,302.374053076077
GF6PTA,0.0,741.8853349168213
GG15DAPAH,0.0,4.2476132803215485
GG15DAPDxr,-1.35363500142115,1.35363500142115
GG15DAPO,0.0,21.191389332593268
GG15DAPS,0.0,inf
GGDAPAH,0.0,4.2476132803215485
GGDAPDxr,-1.35363500142115,1.35363500142115
GGDAPO,0.0,4.15425914229251
GGDAPS,0.0,inf
GGGABADr,-0.4667706901452261,0.4667706901452261
GGGABADxr,-1.35363500142115,1.35363500142115
GGGABAH,0.0,4.2476132803215485
GGLUCT2,0.0,inf
GGSPMDO,0.0,21.191389332593268
GGSPMDS,0.0,inf
GGTT,0.0,inf
GHMT2r,-195.7636274469079,195.7636274469079
GK1,-524.790286930277,524.790286930277
GLBRAN3,0.0,inf
GLCADpts,0.0,120.7069004715554
GLCBPP,0.0,197.30397072438703
GLCDpp,0.0,22.9184408861306
GLCE,-inf,inf
GLCMAN4,0.0,17.8306403635476
GLCMAN4abc,0.0,0.37341655211618
GLCMAN6,0.0,17.8306403635476
GLCMAN6abc,0.0,0.37341655211618
GLCNt2r,0.0,0.980218449304974
GLCNt2rpp,0.0,300.7870327295832
GLCOAS,0.0,inf
GLCRAL,0.0,8.0751329395124
GLCRD,0.0,67.16830231189789
GLCRD_1,0.0,48.0307040159437
GLCRt2r,0.0,1.9604368986099496
GLCRt2rpp,0.0,29.499907617178298
GLCRtex,-inf,inf
GLCURDH,-58.4863674751968,58.4863674751968
GLCURS1,-inf,inf
GLCURt2r,0.0,22.1249307128837
GLCURt2rpp,0.0,6.021341902873406
GLCURtex,-inf,inf
GLCabc,0.0,37.014915728516314
GLCabcpp,0.0,4.247613280321557
GLCpts,0.0,60.213419028734165
GLCptspp,0.0,14.376537256472963
GLCt2pp,0.0,2.80062414087135
GLCtex,-inf,inf
GLDBRAN3,0.0,98.7686780347297
GLGC,0.0,638.355595842611
GLMS_syn,0.0,308.395394978951
GLNS,0.0,1310.1786501686336
GLNabc,0.0,394.701295586803
GLNabcpp,0.0,113.09853822218822
GLNtex,-inf,inf
GLS,0.0,54.56549367797683
GLS2,0.0,54.56549367797683
GLTPD,-1.3069579324066298,1.3069579324066298
GLU5K,0.0,114.77891270671101
GLUABUTt7,-12.742839840964699,12.742839840964699
GLUABUTt7pp,-12.742839840964699,12.742839840964699
GLUCAN2abc,0.0,inf
GLUCANabc,0.0,inf
GLUCYS,0.0,3.5941343141182407
GLUDC,0.0,39.3487691792425
GLUDxi,-370.9893445274256,370.9893445274256
GLUDy,-522.7831729626535,522.7831729626535
GLUDy_1,-5.46121707469914,5.46121707469914
GLUN,0.0,24.972231922769605
GLUNpp,0.0,36.4081138313276
GLUPRT,0.0,554.943673513659
GLUR,-104.27657217844299,104.27657217844299
GLUSfx,0.0,14.049797773371301
GLUSx,0.0,309.0488739451543
GLUSy,0.0,962.5278401484704
GLUTARH,0.0,inf
GLUTARt2rpp,0.0,25.812419165031
GLUTARtex,-inf,inf
GLUTCOADHc,0.0,2.56723879579874
GLUTRR,0.0,188.85542123275798
GLUTRS,0.0,631.9608373876212
GLUTRS_3,0.0,582.903237853358
GLUabc,0.0,347.2773934680478
GLUabcpp,0.0,432.1829820054645
GLUt2r,0.0,87.37947319518629
GLUt2rpp,0.0,87.37947319518629
GLUt4,0.0,87.37947319518629
GLUtex,-inf,inf
GLXCL,0.0,8.868643112759289
GLXO1,0.0,110.95139304752007
GLYALDDr,0.0,258.31089992636834
GLYAT,-3.36074896904562,3.36074896904562
GLYBACT1r,-118.32636995181466,118.32636995181466
GLYBCOAT,0.0,7.74839345641074
GLYBabc,0.0,119.0265259870325
GLYBabcpp,0.0,19.8844314001866
GLYBt2pp,0.0,476.05942687911596
GLYBt2r,0.0,419.06672561238406
GLYBt3pp,0.0,2.28717638171161
GLYC3Pabc,0.0,1.7270515535373336
GLYC3Pabcpp,0.0,1.493666208464722
GLYCAt2rpp,0.0,11.2958507015145
GLYCAtex,-inf,inf
GLYCK,0.0,121.96718133494744
GLYCK2,0.0,19.557691917084963
GLYCL,0.0,683.8190610627556
GLYCLTDx,0.0,139.3777280773644
GLYCLTt4pp,0.0,68.19519783021748
GLYCLTtex,-inf,inf
GLYCL_2,0.0,15.8235263959231
GLYCS_I,0.0,167.80406310720832
GLYCS_II,0.0,51.81154660612
GLYCTO1,0.0,142.22502928725032
GLYCTO2,0.0,39.4421233172716
GLYCTO3,0.0,58.112950923080604
GLYCTO4,0.0,39.4421233172716
GLYCYSAP,-192.07613899476002,192.07613899476002
GLYCYSabc,0.0,132.609553070259
GLYCtpp,-inf,inf
GLYDHDA,-1.40031207043568,0.0
GLYGLNabcpp,0.0,3.5941343141182394
GLYGLNtex,-inf,inf
GLYGLNtr,0.0,132.609553070259
GLYGLUabcpp,0.0,3.5941343141182394
GLYGLUtex,-inf,inf
GLYGLYCNc,0.0,150.90696412395098
GLYGLYGLNtr,0.0,132.609553070259
GLYK,0.0,112.86515287711582
GLYK1,0.0,6.86152914513482
GLYLEUAP,-192.07613899476002,192.07613899476002
GLYLEUtr,0.0,132.609553070259
GLYMETabcpp,0.0,3.5941343141182394
GLYMETtex,-inf,inf
GLYMETtr,0.0,132.609553070259
GLYO1,0.0,717.3798736841969
GLYOX,0.0,961.2675592850774
GLYPHEAP,-192.07613899476002,192.07613899476002
GLYPHEHYc,0.0,150.90696412395098
GLYPHEabcpp,0.0,3.5941343141182394
GLYPHEtex,-inf,inf
GLYPHEtr,0.0,132.609553070259
GLYSERabcpp,0.0,3.5941343141182394
GLYSERtex,-inf,inf
GLYTYRAP,-192.07613899476002,192.07613899476002
GLYTYRabc,0.0,132.609553070259
GLYabc,0.0,123.9742953025718
GLYabcpp,0.0,255.5102757854962
GLYt2pp,0.0,288.230901164677
GLYt2r,0.0,0.9335413802904508
GLYtpp,-inf,inf
GMPS,0.0,10.5490175972821
GMPS2,0.0,767.8377852888962
GND,0.0,1230.454216291831
GNK,0.0,81.87157905147254
GNNUC,0.0,7.795070525425269
GNP,0.0,73.37635249082949
GOX,0.0,717.3798736841969
GPDDA2,0.0,97.88181372345379
GPDDA4,0.0,inf
GRTT,0.0,68.8019997274063
GRXR,0.0,inf
GSEALD,-inf,0.0
GSNt2,0.0,2.14714517466804
GSNt3pp,0.0,1.1669267253630602
GSNtex,-inf,inf
GTHOr,-248.9288090544488,248.9288090544488
GTHPi,0.0,687.833288998004
GTHRDHpp,0.0,inf
GTHRDabc2pp,0.0,inf
GTHRDabcpp,0.0,0.886864311275929
GTHRDt2_1,0.0,238.1930831811085
GTHS,0.0,11.482558977572598
GTMLT,0.0,2.33385345072613
GTPCI,0.0,276.5149568420313
GTPCII,0.0,438.9978340815851
GTPCII2,0.0,434.7968978702781
GTPDPK,0.0,322.398515683307
GTPH1,0.0,322.398515683307
GTPHs,0.0,inf
GUACYC,0.0,115.80580822503036
GUAD,0.0,55.40568092023827
GUAPRT,0.0,118.2796928828
GUAt,-1056.25539472963,1056.25539472963
GUAt2pp,0.0,130.69579324066277
GUAt2r,0.0,129.108772894169
GUAtex,-inf,inf
GUDBUTNAH,0.0,87.3327961261717
GUI1,-inf,inf
GalMr,-77.81067404720909,77.81067404720909
GluForTx,0.0,0.560124828174271
H2CD,0.0,1.40031207043568
H2CO3D,-1766.4003227165729,1766.4003227165729
H2CO3D2,-inf,inf
H2CPD,0.0,inf
H2CT,0.0,5.04112345356844
H2Ot,-inf,inf
H2Otex,-inf,inf
H2Otpp,-inf,inf
H2St1,-inf,inf
HACD1,-24.085367611493595,24.085367611493595
HACD10i,0.0,70.482374211929
HACD11i,0.0,70.482374211929
HACD12i,0.0,23.0584720931741
HACD13i,0.0,23.0584720931741
HACD14i,0.0,23.0584720931741
HACD15i,0.0,23.0584720931741
HACD16i,0.0,23.0584720931741
HACD17i,0.0,23.0584720931741
HACD18i,0.0,23.0584720931741
HACD19i,0.0,70.482374211929
HACD1_1,-0.280062414087135,0.280062414087135
HACD1i,0.0,70.76243662601614
HACD2,-24.085367611493595,24.085367611493595
HACD20i,0.0,70.482374211929
HACD21i,0.0,70.482374211929
HACD22i,0.0,70.482374211929
HACD23i,0.0,70.482374211929
HACD24i,0.0,70.482374211929
HACD25i,0.0,70.482374211929
HACD26i,0.0,70.482374211929
HACD27i,0.0,70.482374211929
HACD28i,0.0,70.482374211929
HACD29i,0.0,70.482374211929
HACD2i,0.0,70.482374211929
HACD3,-24.085367611493595,24.085367611493595
HACD30i,0.0,70.482374211929
HACD31i,0.0,70.482374211929
HACD32i,0.0,70.482374211929
HACD33i,0.0,70.482374211929
HACD3i,0.0,70.482374211929
HACD4,-24.085367611493595,24.085367611493595
HACD4i,0.0,70.482374211929
HACD5,-24.085367611493595,24.085367611493595
HACD5i,0.0,70.482374211929
HACD6,-24.085367611493595,24.085367611493595
HACD6i,0.0,70.482374211929
HACD7,-24.085367611493595,24.085367611493595
HACD7i,0.0,70.482374211929
HACD8,-24.085367611493595,24.085367611493595
HACD8i,0.0,29.07981399604751
HACD9,-111.1847783925927,111.1847783925927
HACOADr,0.0,inf
HADPCOADH,0.0,0.0
HADPCOADH3,-16.0569117409958,16.0569117409958
HBCE,-23.0584720931741,23.0584720931741
HBCH,0.0,2.520561726784216
HBCHLR,-6.021341902873406,6.021341902873406
HBCO_nadp,-3.967550866234415,3.967550866234415
HBRCH,0.0,4.20093621130703
HBZOPT,0.0,inf
HCINNMt2rpp,0.0,1.4469891394502
HCINNMtex,-inf,inf
HCITI,-inf,inf
HCO3E,-inf,inf
HCO3tex,-inf,inf
HCYSMT,0.0,265.77923096869097
HDAD,0.0,1.68037448452281
HEMEOS,0.0,316.423850849448
HETZK,0.0,inf
HEX1,0.0,1525.0798759114982
HEX1_1,0.0,197.30397072438703
HEX4,0.0,inf
HEX7,0.0,38.9753526271263
HEXSabc,0.0,0.560124828174271
HEXTT,0.0,495.01031689901197
HG2t3pp,0.0,39.7688628003732
HG2tppi,0.0,inf
HGNTOR,0.0,inf
HHDDI,-289.817921511171,289.817921511171
HIAA,0.0,inf
HIAt,-inf,inf
HIBD,0.0,34.2609686566596
HICITD,-7.60836224936718,7.60836224936718
HIPA,0.0,inf
HIPB,0.0,inf
HISDr,0.0,136.76381221255147
HISGLYabcpp,0.0,3.5941343141182394
HISGLYtex,-inf,inf
HISHISabcpp,0.0,3.5941343141182394
HISHIStex,-inf,inf
HISTD,0.0,176.90609156504
HISTDa,-18.110702777634803,18.110702777634803
HISTDb,0.0,18.110702777634803
HISTP,0.0,217.4684645386605
HISTP_1,0.0,56.432576438557795
HISabc,0.0,229.37111713736383
HISabcpp,0.0,258.2175457883385
HIStex,-inf,inf
HIUH_c,-inf,inf
HKNDDH,0.0,3.9208737972198895
HKNTDH,0.0,3.9208737972198895
HKtpp,0.0,22.3116389889418
HMBS,0.0,241.740540426212
HMEDR,0.0,455.754901857798
HMEDS,0.0,154.594452576099
HMGCOAS,-9.00867431980285,0.0
HMGL,0.0,20.77129571146258
HMGL_2,0.0,68.1951978302174
HMPK1,0.0,1561.39463560479
HMPK2,0.0,1561.39463560479
HMPK3,0.0,1561.39463560479
HMPK4,0.0,1561.39463560479
HMPSCD,-0.4667706901452261,0.4667706901452261
HMR_0188,0.0,3.1273636239730096
HMR_0260,0.0,4.20093621130703
HMR_3951,-26.1858357171472,0.0
HMR_6515,0.0,inf
HMR_9610,0.0,9.428767940933561
HOMt2pp,0.0,76.97048680494768
HOMtpp,0.0,inf
HOPNTAL,0.0,6.161373109916971
HOPNTAL2,0.0,4.62102983243773
HPA3MO,0.0,3.6874884521472837
HPACt2r,0.0,41.916007975041296
HPAtexi,0.0,inf
HPHACA,0.0,inf
HPPK,0.0,38.6952902130392
HPPK2,0.0,38.6952902130392
HPPPNDO,0.0,4.9944463845539095
HPPPNt2rpp,0.0,1.4469891394502
HPPPNtex,-inf,inf
HPROb,-inf,inf
HPYRI,-3.68748845214728,3.68748845214728
HPYRP,0.0,88.45304578252018
HPYRRx,0.0,54.798879023049494
HPYRRy,0.0,7.655039318381702
HSA,0.0,4.7143839704667805
HSAC,0.0,2.84730120988588
HSAE,0.0,2.05379103663899
HSDy,-428.448816484303,428.448816484303
HSERTA,0.0,315.2102470550708
HSK,0.0,227.364003169739
HSTPT,0.0,307.648561874718
HVCD,-71.5092697302485,71.5092697302485
HXAND,0.0,202.0183546948534
HXANt2pp,0.0,129.108772894169
HXANt2r,0.0,129.108772894169
HXAtex,-inf,inf
HXPRT,0.0,118.2796928828
HYD1pp,0.0,2.52056172678422
HYD2,0.0,0.140031207043568
HYD2pp,0.0,2.52056172678422
HYD3pp,0.0,2.52056172678422
HYXNtex,-inf,inf
ICAPt,0.0,inf
ICCT,0.0,5.04112345356844
ICDHx,-1.35363500142115,1.35363500142115
ICDHyr,-3417.881701519404,3417.881701519404
ICHORS,-3.22071776200206,3.22071776200206
ICHORT,0.0,10.1756010451659
ICITt4pp,0.0,7.74839345641074
ICITt_kt,0.0,210.98035194564162
ICITtex,-inf,inf
ICITtupp,0.0,7.74839345641074
ICL,0.0,188.108588128526
IDOND,-13.723058290269599,13.723058290269599
IDOND2,0.0,13.723058290269599
IG3PS,0.0,187.22172381725
IGPDH,0.0,98.3952614826135
IGPS,0.0,515.314841920329
ILEDHr,-150.58022464085,150.58022464085
ILEDHr_1,-3.1273636239730096,3.1273636239730096
ILETA,-573.6611781884817,573.6611781884817
ILETA2,-0.5134477591597479,0.5134477591597479
ILEabc,0.0,126.07476340822532
ILEabcpp,0.0,243.18752956566223
ILEt2r,0.0,5.97466483385889
ILEtex,-inf,inf
IMPC,-836.126337257142,836.126337257142
IMPD,0.0,276.4682797730168
IND3ACtex,-inf,inf
IND3ACtpp,0.0,inf
INDOLEt5,0.0,355.86597416672004
INDOLEt6,0.0,355.86597416672004
INDOLEtex,-inf,inf
INOSR,-9.19538259586095,0.0
INS2D,0.0,12.136037943775861
INSCR,0.0,1.07357258733402
INSH,0.0,73.65641490491657
INSTabc,0.0,0.746833104232361
INSTt2,0.0,17.1771613973443
INSt2,0.0,2.14714517466804
INSt3pp,0.0,1.1669267253630602
INStex,-inf,inf
IPDAB,0.0,3.03400948594397
IPDDI,-35.80131193413884,35.80131193413884
IPDPS,0.0,4196.64192095769
IPMD,0.0,483.0609872312935
IPPMIa,-133.07632376040388,133.07632376040388
IPPMIb,-133.07632376040388,133.07632376040388
IPPS,0.0,582.016373542082
ISETACabcpp,0.0,11.622590184616127
ISETACtex,-inf,inf
ISOAML,0.0,98.7686780347297
ISTNTabc,0.0,0.560124828174271
IVCS,0.0,12.462777426877501
IZPN,0.0,4.43432155637964
IZPN_1,0.0,2.28717638171161
KARA1,-4237.11093979329,4237.11093979329
KARA2,-4237.11093979329,4237.11093979329
KAS1,0.0,14.843307946618198
KAS11,0.0,14.843307946618198
KAS12,0.0,25.952450372074598
KAS13,0.0,14.843307946618198
KAS17,0.0,14.843307946618198
KAS2,0.0,14.843307946618198
KAS3,0.0,14.843307946618198
KAS4,0.0,14.843307946618198
KAS6,0.0,14.843307946618198
KAS7,0.0,14.843307946618198
KAS8,0.0,25.952450372074598
KAT10,0.0,inf
KAT16,0.0,inf
KAT18,0.0,inf
KAT20,0.0,inf
KAT21,0.0,inf
KAT23,0.0,inf
KAT24,0.0,inf
KAT25,0.0,inf
KAT26,0.0,inf
KAT27,0.0,inf
KAT28,0.0,inf
KAT29,0.0,inf
KAT30,0.0,inf
KAT31,0.0,inf
KAT32,0.0,inf
KAT33,0.0,inf
KG6PDC,0.0,inf
KGD2,-2359.292453339047,0.0
KSH,0.0,24.272075887551694
KSTD,0.0,1.68037448452281
Kabc,0.0,23.89865933543557
Kabcpp,0.0,84.858911468402
Kt1,-326.5527748255996,326.5527748255996
Kt2pp,0.0,268.0664073504028
Kt2r,0.0,2.8939782789004
Kt3pp,0.0,384.71240281769514
Kt3r,0.0,190.0223479581218
L2OA,0.0,1.5870203464937698
LAAL1,0.0,1.21360379437759
LACZ,0.0,21.6581600227385
LACZpp,0.0,inf
LADGMDH,0.0,inf
LALALGLUtex,-inf,inf
LALDO,-2.8939782789004,2.8939782789004
LALDO2x,0.0,5.32118586765557
LALGP,0.0,150.90696412395098
LAT,-38.0884883158504,38.0884883158504
LCADi,0.0,146.5193196365863
LCARR,-11.76262139165968,11.76262139165968
LCARS,-23.898659335435546,23.898659335435546
LCARSyi,0.0,17.597255018475
LCTSabc,0.0,24.085367611493602
LCTSt3ipp,0.0,65.6279590344188
LCYSTabc,0.0,0.560124828174271
LDGUNPD,0.0,17.410546742416898
LDH_D,-3.9208737972198895,3.9208737972198895
LDH_D2,0.0,16.1035888100103
LDH_L,-332.760825004531,332.760825004531
LEULEULAPc,-150.90696412395098,150.90696412395098
LEULEUabcpp,0.0,3.5941343141182394
LEULEUtex,-inf,inf
LEUTA,-573.6611781884817,573.6611781884817
LEUTAi,0.0,0.5134477591597479
LEUabc,0.0,126.07476340822532
LEUabcpp,0.0,271.5205104574775
LEUt2r,0.0,28.89310571998949
LEUt4rpp,-inf,inf
LEVUACOAL,0.0,14.7032767395746
LGTHL,0.0,12.882871048008196
LIPO1S24_BS,0.0,inf
LIPO2S24_BS,0.0,inf
LIPO3S24_BS,0.0,inf
LIPO4S24_BS,0.0,inf
LLEUDr,-153.707588264823,153.707588264823
LMN2,0.0,52.41834850330879
LMN2abc,0.0,inf
LNLCtexi,0.0,inf
LPLIPAL1A180pp,0.0,inf
LPLIPAL1G160pp,0.0,inf
LPLIPAL2A120,0.0,46.7237460835371
LPLIPAL2A141,0.0,46.7237460835371
LPLIPAL2A160,0.0,46.7237460835371
LPLIPAL2A161,0.0,46.7237460835371
LPLIPAL2A181,0.0,46.7237460835371
LPLIPAL2E120,0.0,46.7237460835371
LPLIPAL2E141,0.0,46.7237460835371
LPLIPAL2E160,0.0,106.79713390522761
LPLIPAL2E161,0.0,46.7237460835371
LPLIPAL2E180,0.0,204.63227055966684
LPLIPAL2E181,0.0,46.7237460835371
LPLIPAL2G120,0.0,46.7237460835371
LPLIPAL2G141,0.0,46.7237460835371
LPLIPAL2G160,0.0,46.7237460835371
LPLIPAL2G161,0.0,46.7237460835371
LPLIPAL2G180,0.0,46.7237460835371
LPLIPAL2G181,0.0,46.7237460835371
LSERDHr,-115.43239167291401,115.43239167291401
LTDCL,0.0,inf
LTHRK,0.0,683.3989674416251
LYSDC,0.0,176.71938328898204
LYSGLUGLYtr,0.0,132.609553070259
LYSMO,0.0,140.031207043568
LYSabc,0.0,123.9742953025718
LYSabcpp,0.0,213.3608824653828
LYSt3pp,0.0,2.98733241692944
LYSt3r,0.0,11.57591311560159
LYSt5r,-82.05828732753062,82.05828732753062
L_LACD,0.0,214.34110091468744
L_LACD2,0.0,126.3548258223124
L_LACD3,0.0,126.3548258223124
L_LACD3_1,0.0,419.813558716616
L_LACt2r,0.0,18.8575358818671
L_LACt3,0.0,2.8939782789004
LacR,-1.07357258733402,1.07357258733402
M1PD,-inf,inf
MACACI,0.0,inf
MACCOAT,0.0,304.98796894089037
MAGLIPA160ex,0.0,3.22071776200206
MAGLIPA180ex,0.0,3.22071776200206
MAGLIPA181d9ex,0.0,3.22071776200206
MAGLIPA182d9d12ex,0.0,3.22071776200206
MAK,-23.5719198523339,23.5719198523339
MAL6PG,-inf,inf
MALDDH,0.0,4.85441517751035
MALDt2_2pp,0.0,11.15581949447089
MALDtex,-inf,inf
MALEI,-5.13447759159748,5.13447759159748
MALS,0.0,58.71975282026939
MALT,0.0,351.43165261033994
MALTHPabc,0.0,12.2760691508194
MALTHXabc,0.0,0.746833104232361
MALTHXabcpp,0.0,6.114696040902458
MALTHXtexi,0.0,inf
MALTT,0.0,inf
MALTTRabc,0.0,0.746833104232361
MALTabc,0.0,45.51014228915943
MALTabcpp,0.0,6.114696040902458
MALTpts,0.0,53.02515040049769
MALTptspp,0.0,3.5941343141182407
MALTtexi,0.0,inf
MALt2_2,0.0,2.80062414087135
MALt2_2pp,0.0,11.15581949447089
MALt2r,0.0,9.19538259586094
MALt4,0.0,9.428767940933561
MALtex,-inf,inf
MAN1PT,0.0,204.538916421638
MAN1PT2,0.0,204.63227055966703
MAN6PI,-185.494672263713,185.494672263713
MANA1,0.0,17.8306403635476
MANA2,0.0,17.8306403635476
MANA3,0.0,17.8306403635476
MANAO,-64.69441765412829,64.69441765412829
MANTTRabc,0.0,inf
MANpts,0.0,7.188268628236481
MANptspp,0.0,3.5941343141182407
MANtex,-inf,inf
MB2CFO,0.0,1.5870203464937698
MBCOAi,-94.054294064263,94.054294064263
MCBTS3,0.0,3.26739483101658
MCCC,0.0,22.4983472649999
MCD,0.0,85.23232802051821
MCITD,0.0,3.8275196591908505
MCITL2,-219.3355472992416,219.3355472992416
MCITS,0.0,6.86152914513482
MCSNAH,0.0,30.106709514367104
MCTP1App,0.0,1320.9143760419745
MCTP1Bpp,0.0,1036.4176403984595
MCTP2App,0.0,1200.7676003985935
MDDCP1pp,0.0,12.416100357863
MDDCP2pp,0.0,12.416100357863
MDDCP3pp,0.0,12.416100357863
MDDCP4pp,0.0,12.416100357863
MDDCP5pp,0.0,12.416100357863
MDDEP1pp,0.0,2575.9207306354433
MDDEP3pp,0.0,2575.9207306354433
MDDEP4pp,0.0,2575.9207306354433
MDH,-43.8297678046367,43.8297678046367
MDH2,0.0,419.813558716616
MDH3,0.0,419.813558716616
MDH3_1,0.0,419.813558716616
MDNTHAep,0.0,inf
ME1,0.0,55.35900385122379
ME2,0.0,60.40012730479223
MECDPDH4E,-inf,inf
MECDPS,0.0,94.054294064263
MEHLER,0.0,11.3892048395435
MELIB_Et,-inf,inf
MELIBt2pp,0.0,inf
MELIBt3ipp,0.0,65.6279590344188
MEOHtex,-inf,inf
MEOHtrpp,-inf,inf
MEPCT,0.0,417.89979888702004
METAT,0.0,823.383497416178
METDabc,0.0,369.44900124994564
METS,0.0,11.902652598703304
METSOX1abc,0.0,1.3069579324066298
METSOX2abc,0.0,1.3069579324066298
METSOXR1,0.0,1158.4314988024214
METSOXR2,0.0,1135.5597349853049
METSR_R1,0.0,inf
METSR_S1,0.0,inf
METSRabc,0.0,112.3517051179555
METSabc,0.0,112.3517051179555
METabc,0.0,240.71364490789244
METabcpp,0.0,229.41779420637806
METtex,-inf,inf
MFUMt8,0.0,9.428767940933561
MG2tex,-inf,inf
MG2tpp,0.0,29.033136927033
MG2uabcpp,0.0,98.4886156206426
MGCH,-85.97916112475059,85.97916112475059
MGt5,-119.58665081520681,119.58665081520681
MHPGLUT,0.0,11.902652598703304
MHPGLUT2,-inf,inf
MI1PP,0.0,312.4562999832138
MI1PS,0.0,1218.41153248608
MI3PP,0.0,307.741916012747
MI3PS,-1218.41153248608,1218.41153248608
MICITDr,-1498.5206236422273,1498.5206236422273
MLDCP1Bpp,0.0,inf
MLDCP2Bpp,0.0,inf
MLDEP2pp,0.0,485.2548094749773
MLTGY1pp,0.0,9.00867431980285
MLTGY2pp,0.0,9.00867431980285
MLTGY3pp,0.0,9.00867431980285
MLTGY4pp,0.0,9.00867431980285
MLTP1,-inf,inf
MLTP2,-inf,inf
MLTP3,-inf,inf
MMCD,0.0,674.950417949996
MME,-387.27964161349325,387.27964161349325
MMM2,0.0,192.44955554687698
MMSAD1,0.0,28.519689167873306
MMSAD2,0.0,2.19382224368256
MMSAD3,0.0,9.055351388817371
MMTSAO,0.0,3.87419672820537
MN2t3pp,0.0,39.7688628003732
MN6PP,0.0,176.2992896678515
MNLpts,0.0,3.5941343141182407
MNNH,0.0,inf
MNabc,0.0,796.0774120426817
MNabc_1,0.0,175.83251897770606
MNabc_rev,0.0,62.6873036865038
MNt2pp,0.0,14.423214325487471
MOBDabc,0.0,995.2484655276503
MOBDabc_rev,0.0,12.182715012790403
MOHMT,0.0,84.1120783641697
MOTH1,0.0,inf
MOTS1,0.0,inf
MPTG,0.0,2049.6367774967
MPTG2,0.0,1581.745837695126
MSHAMID,0.0,198.657605725808
MSHS,0.0,152.96075516058997
MSO3abc,0.0,0.560124828174271
MTAM_1,-inf,inf
MTAN,0.0,50.5512657427279
MTAP,0.0,3.8275196591908505
MTHFC,-224.28331661478103,224.28331661478103
MTHFD,-223.72319178660675,223.72319178660675
MTHFD2i,0.0,6.86152914513482
MTHFR2,0.0,276.094863220901
MTHFR3,0.0,276.094863220901
MTI,-52.138286089221694,52.138286089221694
MTRI,-inf,inf
MTRK,0.0,inf
MUCCYCI,-16.3836512240974,16.3836512240974
MUCCY_kt,0.0,24.1787217495227
MUCLI,-10.035569838122301,10.035569838122301
MXYLt5,0.0,355.86597416672004
MXYLt6,0.0,355.86597416672004
MYCTR,-198.564251587779,198.564251587779
MYCTR2,0.0,198.564251587779
M_XYLtpp,-inf,inf
M_Xylt1,-inf,inf
Mn2t,-3.36074896904562,0.0
N2Otex,-inf,inf
N2Otpp,-inf,inf
NABTNO,0.0,20.958003987520627
NACHY,0.0,inf
NADDP,0.0,399.60238783332795
NADH10,0.0,20.58458743540441
NADH5,0.0,1965.8981156846485
NADH9,0.0,20.58458743540441
NADHHR,0.0,inf
NADHPO,0.0,51.811546606120004
NADHXD,0.0,58.066273854066104
NADHXE,-58.066273854066104,58.066273854066104
NADK,0.0,202.298417108941
NADPHHR,0.0,inf
NADPHQR2,0.0,35.1478329679355
NADPHQR3,0.0,4.80773810849582
NADPHXD,0.0,58.066273854066104
NADPHXE,-58.066273854066104,58.066273854066104
NADS1,0.0,403.1031680094165
NADTRHD,0.0,16.0102346719812
NAKtr,0.0,50.6912969497715
NAPRT,-105.58353011084999,105.58353011084999
NARK,-35.894666072167766,35.894666072167766
NAabc,0.0,200.38465727934508
NAabcO,0.0,66.8415628287963
NAt,0.0,33.3274272763691
NAt3_1,0.0,313.90328912266466
NAt3_2,0.0,49.47769315539388
NAt3_2pp,0.0,272.3140206307246
NAt3pp,0.0,42.336101596172
NBAHH_ir,0.0,6.11469604090246
NDPK1,-264.052179415154,264.052179415154
NDPK2,-264.052179415154,264.052179415154
NDPK3,-264.052179415154,264.052179415154
NDPK4,-264.052179415154,264.052179415154
NDPK5,-264.052179415154,264.052179415154
NDPK6,-264.052179415154,264.052179415154
NDPK7,-264.052179415154,264.052179415154
NDPK8,-264.052179415154,264.052179415154
NFMLDF,0.0,5.92798776484436
NH3c,-inf,inf
NH4OHDs,-inf,inf
NH4t,-182.087246225652,182.087246225652
NH4tex,-inf,inf
NH4tpp,-inf,inf
NHFRBO,0.0,11.3892048395435
NI2abcpp,0.0,2.00711396762447
NI2t3pp,0.0,39.7688628003732
NI2t4pp,0.0,63.2941055836926
NI2tex,-inf,inf
NI2tpp,0.0,29.033136927033
NI2uabcpp,0.0,123.97429530257159
NITR,0.0,27.959564339699
NIabc,0.0,5.97466483385889
NMNAT,0.0,142.27170635626499
NMNDA,0.0,40.6557271116492
NMNHYD,0.0,32.5805941721367
NMO,0.0,17.59725501847501
NMTHDA,0.0,2.19382224368256
NNAM,0.0,45.27675694408693
NNATr,-142.27170635626499,142.27170635626499
NNDPR,0.0,205.425780732914
NO3abc,0.0,175.27239414953263
NO3abcpp,0.0,5.50789414371366
NO3t,-26.2325127861616,26.2325127861616
NO3tex,-inf,inf
NODOx,0.0,784.408144789051
NODOy,0.0,784.408144789051
NOX,0.0,10.0822469071369
NOt,-inf,inf
NP1_1,-inf,inf
NPHS,0.0,361.2805141724044
NPHSa,0.0,2.4738846577697005
NPHSb,0.0,inf
NT5C,0.0,32.5805941721367
NTD1,0.0,681.5318846810442
NTD10,0.0,32.5805941721367
NTD11,0.0,32.5805941721367
NTD12,0.0,inf
NTD2,0.0,852.0432177910949
NTD3,0.0,32.5805941721367
NTD4,0.0,170.5113331100507
NTD5,0.0,714.1124788531808
NTD6,0.0,32.5805941721367
NTD7,0.0,170.5113331100507
NTD8,0.0,32.5805941721367
NTD9,0.0,170.5113331100507
NTP1,0.0,105.3034676967629
NTP10,0.0,25.9991274410891
NTP3,0.0,8948.507577843138
NTP5,0.0,373.7899686682972
NTPP1,0.0,36.174728486255
NTPP10,0.0,186.054797091887
NTPP11,0.0,149.880068605632
NTPP2,0.0,36.174728486255
NTPP3,0.0,388.5865995459002
NTPP4,0.0,282.39626753786126
NTPP5,0.0,100.63576079531069
NTPP6,0.0,36.174728486255
NTPP7,0.0,294.2522430675499
NTPP8,0.0,188.06191105951098
NTPP9,0.0,186.054797091887
NTPTP1,0.0,51.624838330061905
NTPTP2,0.0,51.624838330061905
NTR3B,0.0,0.140031207043568
NTRIR2x,0.0,9.288736733889989
NTRIR2y,0.0,0.140031207043568
NTRIRx,0.0,9.288736733889989
NTRIRy,0.0,9.288736733889989
O2tex,-inf,inf
O2tpp,-inf,inf
O45AM,0.0,inf
OAADC,0.0,792.8100172116658
OAAt2_2pp,0.0,11.15581949447089
OAAtex,-inf,inf
OARGDC,0.0,3.36074896904562
OBDHc,0.0,7.37497690429456
OCAALD,0.0,0.700156035217838
OCBT,-115.058975120798,115.058975120798
OCOAT1,-25.392325543900228,25.392325543900228
OCOAT4,0.0,inf
OCTAtex,-inf,inf
OCTDPS,0.0,inf
OHCUDC2,0.0,inf
OHEDH,0.0,1.91375982959542
OHPBAT,-inf,inf
OIVD1r,-45.46346522014492,45.46346522014492
OIVD2,0.0,45.46346522014492
OIVD2E,0.0,inf
OIVD3,0.0,45.46346522014492
OMAHY,0.0,2.00711396762447
OMAIS,-0.560124828174271,0.560124828174271
OMCDC,0.0,inf
OMPDC,0.0,121.31370236874399
OP4ENH,0.0,3.8741967282053693
OPAH,0.0,9.14870552684642
OPETDC,0.0,289.817921511171
OPHBDC,0.0,inf
OPHHX,0.0,65.8613443794913
OPP,0.0,inf
OPTCCL,0.0,293.1786704802166
ORN5O,0.0,29.359876410134696
ORNCD,-1.68037448452281,1.68037448452281
ORNTA,-15.4967869128215,15.4967869128215
ORNTAC,-281.22934081249804,281.22934081249804
ORNTA_1,0.0,15.4967869128215
ORNabcpp,0.0,108.01073769960527
ORNt,-82.05828732753062,82.05828732753062
ORNtex,-inf,inf
OROTt2_2pp,0.0,11.15581949447089
OROTtex,-inf,inf
ORPT,-164.863407759294,164.863407759294
OXAt_1,-inf,inf
OXCOAHDH,0.0,2.7072700028423102
OXDHCOAT,0.0,0.8401872422614058
OXGDC,0.0,2481.913113640198
OXOAEL,0.0,3.9208737972198895
OXPTNDH,-100.63576079531063,100.63576079531063
P5CD,0.0,1.35363500142115
P5CR,0.0,227.690742652841
P5CRx,0.0,227.690742652841
PA120abcpp,0.0,291.7783584097801
PA140abcpp,0.0,291.7783584097801
PA141abcpp,0.0,291.7783584097801
PA160abcpp,0.0,291.7783584097801
PA161abcpp,0.0,291.7783584097801
PA180abcpp,0.0,291.7783584097801
PA181abcpp,0.0,291.7783584097801
PACALDtex,-inf,inf
PACCOAE,0.0,1.0268955183194959
PACCOAL,0.0,15.17004742971983
PACOAT,0.0,10.5956946662966
PACPT_1,-10.362309321224,10.362309321224
PALDH,0.0,4.01422793524894
PALGSKT,0.0,inf
PANTS,0.0,57.1794095427901
PAPA140pp,0.0,inf
PAPPT3,0.0,318.851058438204
PAPSR,0.0,1341.6389946844217
PAP_BS,0.0,inf
PC,0.0,1172.3879424377674
PCADYOX,0.0,0.9335413802904508
PCNO,-136.34371859142001,136.34371859142001
PDBL_3,0.0,68.9887080034643
PDBL_4,0.0,68.9887080034643
PDC,-inf,inf
PDE1,0.0,39.7688628003732
PDE4,0.0,122.76069150819424
PDH,0.0,4046.8085294210664
PDHa,0.0,4008.3466245531
PDHbr,-2043.9888521459459,2043.9888521459459
PDHcr,0.0,3816.877287455539
PDIMAS,0.0,inf
PDIMAT,0.0,72.4894881795535
PDX5POi,0.0,143.5786642886714
PDX5PS,0.0,13.0695793240663
PDYXPT_c,-inf,inf
PE120abcpp,0.0,291.7783584097801
PE141abcpp,0.0,291.7783584097801
PE160abcpp,0.0,291.7783584097801
PE161abcpp,0.0,291.7783584097801
PE180abcpp,0.0,291.7783584097801
PE181abcpp,0.0,291.7783584097801
PEALtabc,0.0,8.6819348367012
PEAMNO,0.0,10.5490175972821
PEAMNOpp,0.0,0.4667706901452261
PEAMNtex,-inf,inf
PENAM,-16.1502658790248,16.1502658790248
PENTSOtex,-inf,inf
PEPA,0.0,28.3329808918152
PEPCK_re,0.0,2166.0027105499
PERD,-7.655039318381702,7.655039318381702
PFK,0.0,65.114511275259
PFK_2,0.0,inf
PG120abcpp,0.0,291.7783584097801
PG140abcpp,0.0,291.7783584097801
PG141abcpp,0.0,291.7783584097801
PG160abcpp,0.0,291.7783584097801
PG161abcpp,0.0,291.7783584097801
PG180abcpp,0.0,291.7783584097801
PG181abcpp,0.0,291.7783584097801
PGAMT,-275.301353047654,275.301353047654
PGCD,0.0,714.0658017841664
PGI,-1401.52567423005,1401.52567423005
PGK,-1346.4000557239,1346.4000557239
PGL,0.0,204.5389164216383
PGLCNDH,-11.9493296677178,11.9493296677178
PGLYCP,0.0,809.3336996428072
PGM,-1576.7980683795854,1576.7980683795854
PGMT,-303.21424031833897,303.21424031833897
PGP120abcpp,0.0,291.7783584097801
PGP140abcpp,0.0,291.7783584097801
PGP141abcpp,0.0,291.7783584097801
PGP160abcpp,0.0,291.7783584097801
PGP161abcpp,0.0,291.7783584097801
PGP180abcpp,0.0,291.7783584097801
PGP181abcpp,0.0,291.7783584097801
PGPP120pp,0.0,inf
PGPP140pp,0.0,inf
PGPP141pp,0.0,inf
PGPP160,0.0,418.45992371519475
PGPP160pp,0.0,inf
PGPP161pp,0.0,inf
PGPP180pp,0.0,inf
PGPP181pp,0.0,inf
PGSA120,0.0,inf
PGSA140,0.0,inf
PGSA141,0.0,inf
PGSA160,0.0,122.90072271523789
PGSA161,0.0,inf
PGSA180,0.0,inf
PGSA181,0.0,inf
PHACOAOR,0.0,0.5134477591597479
PHCD,0.0,inf
PHEHPAtexi,0.0,inf
PHEHXAtexi,0.0,inf
PHEME2abcpp,0.0,18.0640257086202
PHEMEabcpp,0.0,50.1778491906117
PHEMEt,-488.52220430599345,488.52220430599345
PHEOCTAtexi,0.0,inf
PHEOR,0.0,inf
PHEPTtexi,0.0,inf
PHER,-inf,inf
PHET,0.0,19.4176607100414
PHETA1,-304.80126066483206,304.80126066483206
PHEabc,0.0,123.9742953025718
PHNO,-3.08068655495849,3.08068655495849
PHTHDLS,0.0,inf
PHTHS,0.0,2.28717638171161
PHYCBOXL,0.0,inf
PICH,-inf,inf
PIMEtr,0.0,inf
PIabc,0.0,505.27927208220706
PItex,-inf,inf
PKETF,0.0,23.851982266420997
PKETX,0.0,23.851982266420997
PLCD,0.0,inf
PLIPA1A120pp,0.0,inf
PLIPA1A141pp,0.0,inf
PLIPA1A160pp,0.0,inf
PLIPA1A161pp,0.0,inf
PLIPA1A181pp,0.0,inf
PLIPA1E120pp,0.0,inf
PLIPA1E141pp,0.0,inf
PLIPA1E160,0.0,inf
PLIPA1E160pp,0.0,inf
PLIPA1E161pp,0.0,inf
PLIPA1E180,0.0,inf
PLIPA1E180pp,0.0,inf
PLIPA1E181d11pp,0.0,inf
PLIPA1G120pp,0.0,inf
PLIPA1G140pp,0.0,inf
PLIPA1G141pp,0.0,inf
PLIPA1G160pp,0.0,inf
PLIPA1G161pp,0.0,inf
PLIPA1G180pp,0.0,inf
PLIPA1G181d11pp,0.0,inf
PLIPA2A180pp,0.0,inf
PLIPA2G160pp,0.0,inf
PLPS,0.0,68.9887080034643
PMANM,-658.9401832780151,658.9401832780151
PMDPHT,0.0,inf
PMPK,0.0,1561.39463560479
PNCDC,0.0,290.051306856243
PNCDC_1,-inf,inf
PNP,-inf,inf
PNTK,0.0,354.9324327864294
PNTOt2,0.0,11.5292360465871
PNTOt4pp,0.0,3.22071776200206
PNTOtex,-inf,inf
POAACR,0.0,0.23338534507261305
POX,0.0,83.03850577683559
PPA,0.0,963.3680273907312
PPA2,0.0,162.24949189448
PPAKr,-985.4462810345999,985.4462810345999
PPATabc,0.0,0.606801897188793
PPAt2pp,0.0,12.509454495892074
PPAt4pp,0.0,12.509454495892074
PPAtex,-inf,inf
PPBNGS,0.0,211.58715384283101
PPC,0.0,897.2732976661678
PPCDC,0.0,689.933757103658
PPCOAC,0.0,91.72044061353685
PPDOy,0.0,22.91844088613057
PPGPPDP,0.0,36.174728486255
PPK,0.0,33.140719000310995
PPK2,0.0,177.93298708336
PPM2,-inf,inf
PPNCL3,0.0,689.933757103658
PPND,0.0,144.74559101403412
PPNDH,0.0,90.5535138881738
PPNDH2,-3.87419672820537,3.87419672820537
PPOR,0.0,7.701716387396221
PPPGO,0.0,179.6133615678828
PPPGO4,0.0,1.9604368986099496
PPS,0.0,23.8986593354355
PPTGS_BS,0.0,inf
PPTT,0.0,inf
PRAGSr,-411.738425777103,411.738425777103
PRAIS,0.0,759.715975280369
PRAIi,0.0,390.36032816845204
PRAMPC,0.0,83.03850577683559
PRASCSi,0.0,133.96318807168
PRATPP,0.0,31.4136674467737
PRCOA1,0.0,12.6494857029356
PREPHACPH,0.0,88.96649354168001
PREPTHS,0.0,33.93422917355794
PREPTTA,-inf,inf
PRFGS,0.0,737.544367498471
PRFGS_1,0.0,262.04506544752996
PRMICI,-282.162882192789,282.162882192789
PROD2,0.0,2.00711396762447
PROGLYabcpp,0.0,14.28318311844391
PROGLYtex,-inf,inf
PROHISGLUtr,0.0,1.40031207043568
PROR,-4.52767569440869,4.52767569440869
PROabc,0.0,170.3713019030072
PROabcpp,0.0,275.3947071856828
PROt2r,0.0,480.167008952394
PROt2rpp,0.0,476.99296825940644
PROtex,-inf,inf
PRPPS,-393.16095230932297,393.16095230932297
PSCVT,-328.746597069282,328.746597069282
PSD120,0.0,inf
PSD141,0.0,inf
PSD160,0.0,62.40724127241671
PSD180,0.0,inf
PSD181,0.0,inf
PSERT,0.0,224.329993683795
PSP_L,0.0,129.5288665153
PSSA120,0.0,inf
PSSA141,0.0,inf
PSSA160,0.0,142.178352218236
PSSA180,0.0,inf
PSSA181,0.0,inf
PSUDS,0.0,inf
PTA2,0.0,79.3043402556738
PTAr,-83.878693019097,83.878693019097
PTAtex,-inf,inf
PTPATi,0.0,250.982600091088
PTRCAT1,0.0,37.761748832748786
PTRCTA,0.0,237.95969783603576
PTRCTA2,0.0,221.99614023306907
PTRCabc,0.0,22.451670195985344
PTRCabcpp,0.0,24.738846577696904
PTRCt2pp,0.0,41.58926849193962
PTRCtex,-inf,inf
PTSLAtexi,0.0,inf
PUNP1,-20.911326918506106,20.911326918506106
PUNP2,-20.911326918506106,20.911326918506106
PUNP3,-20.911326918506106,20.911326918506106
PUNP5,-20.911326918506106,20.911326918506106
PUNP6,-20.911326918506106,20.911326918506106
PUNP7,-20.911326918506106,20.911326918506106
PXYLt5,0.0,355.86597416672004
PXYLt6,0.0,355.86597416672004
PYAM5PO,0.0,206.3593221132042
PYDXNO,0.0,156.97498309583938
PYDXNtr,-inf,inf
PYDXO,-143.5786642886714,0.0
PYDXOR,0.0,176.43932087489497
PYDXPP,0.0,137.93073893791401
PYDXS,-68.9887080034643,68.9887080034643
PYK,0.0,2951.1110113741693
PYOVD2tex,0.0,4.7610610394813
PYOVDM1,0.0,32.6272712411513
PYOVDM2,0.0,3.7341655211618
PYRDOX,0.0,33.5141355524272
PYROX,0.0,1.400312070435676
PYRZAM,0.0,6.86152914513482
PYRt2rpp,0.0,12.509454495892074
PYRt4pp,0.0,12.509454495892074
PYRtex,-inf,inf
P_XYLtpp,0.0,inf
P_Xylt1,-inf,inf
QMO2,0.0,inf
QUIDHy,-10.4089863902385,10.4089863902385
QUIN2tpp,-inf,inf
QUINDH,0.0,17.9239945015767
QUINDHyi,0.0,17.9239945015767
QUINtpp,0.0,34.0742603806015
QULNS,0.0,463.176555831107
R5PP,0.0,326.4127436185559
RAFFINt2,0.0,inf
RAFGH,0.0,27.446116580539304
RBFK,0.0,410.7582073277989
RBFSa,0.0,639.755907913046
RBFSb,0.0,648.811259301863
RBK,0.0,188.388650542613
RBK_Dr_1,0.0,inf
RBP4E,-inf,inf
RECOAH10,-3.5941343141182402,3.5941343141182402
RECOAH11,-2.33385345072613,2.33385345072613
RECOAH12,-3.5941343141182402,3.5941343141182402
RECOAH13,-3.5941343141182402,3.5941343141182402
RECOAH14,-3.5941343141182402,3.5941343141182402
RECOAH15,-3.5941343141182402,3.5941343141182402
RECOAH16,-3.5941343141182402,3.5941343141182402
RECOAH17,-2.33385345072613,2.33385345072613
RECOAH19,-3.5941343141182402,3.5941343141182402
RECOAH2,-3.5941343141182402,3.5941343141182402
RECOAH20,-2.33385345072613,2.33385345072613
RECOAH21,-2.33385345072613,2.33385345072613
RECOAH22,-2.33385345072613,2.33385345072613
RECOAH23,-2.33385345072613,2.33385345072613
RECOAH24,-2.33385345072613,2.33385345072613
RECOAH25,-2.33385345072613,2.33385345072613
RECOAH26,-2.33385345072613,2.33385345072613
RECOAH3,-3.5941343141182402,3.5941343141182402
RECOAH4,-2.33385345072613,2.33385345072613
RECOAH5,-2.33385345072613,2.33385345072613
RECOAH6,-2.33385345072613,2.33385345072613
RECOAH7,-2.33385345072613,2.33385345072613
RECOAH8,-3.5941343141182402,3.5941343141182402
RECOAH9,-3.5941343141182402,3.5941343141182402
REPHACCOAI,-1.1669267253630602,1.1669267253630602
RHA121tex,-inf,inf
RHA121tpp,-inf,inf
RHACOAE100,0.0,4.20093621130703
RHACOAE120,0.0,4.20093621130703
RHACOAE121,0.0,4.20093621130703
RHACOAE121d6,0.0,4.20093621130703
RHACOAE140,0.0,4.20093621130703
RHACOAE141,0.0,4.20093621130703
RHACOAE141d5,0.0,4.20093621130703
RHACOAE142,0.0,4.20093621130703
RHACOAE160,0.0,4.20093621130703
RHACOAE50,0.0,4.20093621130703
RHACOAE60,0.0,4.20093621130703
RHACOAE70,0.0,4.20093621130703
RHACOAE80,0.0,4.20093621130703
RHACOAE90,0.0,4.20093621130703
RHACOAEP100,0.0,4.20093621130703
RHACOAEP101,0.0,4.20093621130703
RHACOAEP40,0.0,4.20093621130703
RHACOAEP50,0.0,4.20093621130703
RHACOAEP60,0.0,4.20093621130703
RHACOAEP70,0.0,4.20093621130703
RHACOAEP80,0.0,4.20093621130703
RHACOAEP90,0.0,4.20093621130703
RHACOAET40,0.0,4.20093621130703
RHACOAET60,0.0,4.20093621130703
RHACOAR101,-inf,inf
RHACOAR141d7,-inf,inf
RHACOAR90,-inf,inf
RHACOARP100,-inf,inf
RHACOARP50,-inf,inf
RHACOARP70,-inf,inf
RHACOARP80,-inf,inf
RHACOARP90,-inf,inf
RHACOART60,-inf,inf
RHAP50tex,-inf,inf
RHAP50tpp,-inf,inf
RHAP70tex,-inf,inf
RHAP70tpp,-inf,inf
RHAP80tex,-inf,inf
RHAP80tpp,-inf,inf
RHCYS,0.0,inf
RIBFLVt2,0.0,80.09785042892071
RIBabc,0.0,47.377225049740325
RIBabc1,0.0,1.54034327747924
RIBabcpp,0.0,22.638378472043456
RIBtex,-inf,inf
RMI,-6.2080501789315,6.2080501789315
RMK,0.0,5.974664833858888
RMNabc,0.0,7.5150081113381315
RMPA,-inf,inf
RNDR1,0.0,1115.4885953090597
RNDR1b,0.0,930.8807873566228
RNDR2,0.0,1115.4885953090597
RNDR2b,0.0,930.8807873566228
RNDR3,0.0,1115.4885953090597
RNDR3b,0.0,930.8807873566228
RNDR4,0.0,1115.4885953090597
RNDR4b,0.0,930.8807873566228
RNTR1,0.0,197.724064345518
RNTR2,0.0,197.724064345518
RNTR3,0.0,197.724064345518
RNTR4,0.0,197.724064345518
RPE,-88.21966043744759,88.21966043744759
RPI,-141.9449668731635,141.9449668731635
RU5PP,0.0,12.182715012790403
RU5PS,-3.5941343141182407,0.0
SADT,0.0,4.57435276342321
SALADC2,0.0,inf
SALCHS4FER1,0.0,inf
SALCHS4FEabcpp,0.0,8.02845587049788
SALCHS4FEtonex,0.0,inf
SALCHS4abcpp,0.0,139.424405146379
SALCHS4tex,0.0,inf
SALCOD,0.0,4.85441517751035
SALCt,-inf,inf
SAOR,0.0,1.0268955183195
SARCOX,0.0,31.88043813691886
SARCOX2,0.0,1.1669267253630602
SBTD_D2,0.0,92.74733613185627
SBTPD,-inf,inf
SBTpts,0.0,3.5941343141182407
SBTt2,0.0,inf
SCYSSL,0.0,inf
SDPDS,0.0,116.786026674335
SDPTA,-258.68431647848377,258.68431647848377
SELADT,0.0,inf
SELR,0.0,178.49311191153404
SELTt,-inf,inf
SELabcpp,0.0,8.635257767686673
SELtex,-inf,inf
SELtpp,0.0,2.66059293382779
SEPHCHCS,0.0,145.399069980238
SERASr,-6.06801897188793,6.06801897188793
SERAT,-inf,inf
SERD_D,0.0,6.3947584549895895
SERD_L,0.0,126.07476340822578
SERGLUGLNtr,0.0,134.0098651406947
SERabc,0.0,123.9742953025718
SERabcpp,0.0,28.3329808918152
SERt2r,0.0,0.9335413802904508
SERtex,-inf,inf
SHCHCS3,0.0,167.0572300029765
SHCHD2,0.0,132.189459449128
SHCHF,0.0,187.2684008862646
SHGO,0.0,36.0813743482259
SHK3Dr,-822.7766955189892,822.7766955189892
SHKK,0.0,214.714517466804
SHSL1,0.0,391.0604842036705
SHSL2r,-772.2254297762606,772.2254297762606
SHSL4r,0.0,298.033085657727
SIRA2,-782.961155649601,0.0
SKMt2,0.0,9.1020284578319
SKMt2pp,0.0,57.55282609490634
SKMtex,-inf,inf
SLNTabcpp,0.0,2.66059293382779
SLNTtex,-inf,inf
SLNTtpp,0.0,2.66059293382779
SMIA1,-3.5007801760891897,3.5007801760891897
SMIA1Eabc,0.0,3.5007801760891897
SMIA1abc,0.0,3.5007801760891897
SMIA2abc,0.0,3.5007801760891897
SMIB1,-3.5007801760891897,3.5007801760891897
SO3abcpp,0.0,6.908206214149338
SO3tex,-inf,inf
SO4t2,0.0,141.24481083794524
SO4t2pp,0.0,10.40898639023853
SO4tex,-inf,inf
SPMDabc,0.0,15.543463981836005
SPMDabcpp,0.0,5.087800522582956
SPMDt3i,-38.6952902130392,0.0
SPMDtex,-inf,inf
SPMS,0.0,70.3890200739
SPODM,0.0,4208.684604763444
SSAH,-inf,inf
SSALx,0.0,130.22902255051793
SSALy,0.0,137.2305829026963
SSCOARy,-2.98733241692944,2.98733241692944
STFRNAt,0.0,65.7679902414623
STFRNBt,0.0,inf
SUCBZL,0.0,31.1802821017011
SUCBZS,0.0,inf
SUCBZT1,-14.9366620846472,14.9366620846472
SUCBZT2,-14.9366620846472,14.9366620846472
SUCCt1pp,-inf,inf
SUCCt2_2pp,0.0,11.15581949447089
SUCCt2r,0.0,9.19538259586094
SUCD1,-145.11900756615069,145.11900756615069
SUCOAS,-1154.74401035027,1154.74401035027
SUCR,0.0,inf
SUCRabcpp_syn,0.0,0.746833104232361
SUCRtex,-inf,inf
SUCpts,0.0,3.5941343141182407
SUCptspp,0.0,3.5941343141182407
SULAabc,0.0,0.560124828174271
SULFACabcpp,0.0,7.048237421192917
SULFACtex,-inf,inf
SULR,0.0,187.548463300352
SULR_1,-158.608680511348,158.608680511348
SULabc,0.0,11.949329667717778
SULabcpp,0.0,6.908206214149338
St,-inf,inf
T2ECR,0.0,1.5870203464937698
TAGLIPA160ex,0.0,3.22071776200206
TAGLIPA180ex,0.0,3.22071776200206
TAGLIPA181d9ex,0.0,3.22071776200206
TAGLIPA182d9d12,0.0,3.22071776200206
TALA,-758.9224651071222,758.9224651071222
TARTDC,0.0,4.85441517751035
TARTR_D_Et,-inf,inf
TARTRt7,-inf,inf
TAUDO,0.0,51.81154660612004
TAURabc,0.0,172.19170759457418
TCYNTtex,-inf,inf
TCYNTtpp,-inf,inf
TECA1S45,0.0,inf
TECA2S45,0.0,inf
TECA3S45,0.0,inf
TETDHpp1,0.0,0.18670827605809
TETDHpp2,0.0,0.18670827605809
TETDHpp3,0.0,0.18670827605809
TETtex,-inf,inf
TGBPA,-1.07357258733402,1.07357258733402
THDPS,0.0,340.369187253899
THFOR2,0.0,inf
THIORDXi,0.0,1574.7909544119611
THMtrbc,-inf,inf
THRD,0.0,115.94583943207397
THRD_L,0.0,255.183536302395
THRPDC,0.0,inf
THRS,0.0,235.39245904023701
THRabc,0.0,126.07476340822532
THRabcpp,0.0,8.96199725078834
THRt2pp,0.0,22.5917014030289
THRt2r,0.0,267.879699074345
THYMt,-1056.25539472963,1056.25539472963
THYMt4pp,0.0,2.10046810565352
THYMtex,-inf,inf
THZPSN,0.0,941.7565444370067
THZSN_1,0.0,717.3798736841969
TKT1,-276.9350504631626,276.9350504631626
TKT2,-276.9350504631626,276.9350504631626
TMDPK,0.0,698.4756607333162
TMDPP,-123.554201681441,123.554201681441
TMDS,0.0,83.2718911219083
TMDS3,0.0,42.429455734201
TMN,0.0,776.146303573481
TMPK,0.0,46.49036073846446
TMPPP,0.0,142.785154115425
TNTHAC1,0.0,inf
TNTHAC2,0.0,inf
TNTR1,0.0,18.43744226073644
TNTR1x,0.0,2.28717638171161
TNTR2,0.0,18.43744226073644
TNTR2x,0.0,2.28717638171161
TNTR3,0.0,12.3694232888485
TNTR4,0.0,12.3694232888485
TNTtex,0.0,inf
TNTtpp,0.0,inf
TOLt5,0.0,355.86597416672004
TOLt6,0.0,355.86597416672004
TOLt7,0.0,22.1249307128837
TPHAP,0.0,inf
TPI,-530.2515040049759,530.2515040049759
TRDR,0.0,1395.5976864652098
TRE6PP,0.0,923.365779245285
TRE6PS,0.0,352.1784857145729
TREP,0.0,287.857484612561
TREabc,0.0,12.2760691508194
TREpts,0.0,3.5941343141182407
TREptspp,0.0,3.5941343141182407
TREtex,-inf,inf
TRPAS1,0.0,93.02739854594351
TRPS1,0.0,667.8088263907739
TRPS2,0.0,667.8088263907739
TRPS3,0.0,247.52849698401297
TRPTA,-17.9239945015767,17.9239945015767
TRPabc,0.0,123.9742953025718
TRSARr,-23.80530519740649,23.80530519740649
TRSARyr,0.0,1.35363500142115
TRYPTAOX,0.0,10.5490175972821
TSULabc,0.0,5.04112345356844
TSULabcpp,0.0,6.908206214149338
TSULtex,-inf,inf
TTONR2pp,0.0,0.18670827605809
TTRCYCt2pp,0.0,inf
TTRCYCt5,0.0,355.86597416672004
TTRCYCt7pp,0.0,22.1249307128837
TTRCYCtex,-inf,inf
TTRCYCtm,0.0,141.80493566612
TTRCYCtpp,0.0,355.86597416672004
TYRTA,-304.80126066483206,304.80126066483206
TYRTAi,0.0,1.40031207043568
TYRabc,0.0,123.9742953025718
UAAGDS,0.0,181.760506742551
UAG2E,-inf,inf
UAG2EMA,-4.90109224652487,4.90109224652487
UAGCVT,0.0,296.586096518276
UAGDP,0.0,315.723694814231
UAGPT2,0.0,200.15127193427296
UAGPT2_1,-inf,inf
UAGPT3,0.0,200.15127193427296
UAMAGS,0.0,258.964378892571
UAMAS,0.0,397.922013348805
UAPGR,0.0,174.1054674241693
UDCPDP,0.0,610.2093232268529
UDPG4E,-1497.820467607013,1497.820467607013
UGLYCH,0.0,inf
UGMDDS,0.0,497.9976493159409
UGT_BS,0.0,inf
UHBZ1t_pp,0.0,2.52056172678422
UM3PL,0.0,inf
UM4PCP,0.0,inf
UM4PL,0.0,inf
UMPK,-171.304843283298,171.304843283298
UNK5,0.0,inf
UPP3MT,0.0,132.189459449128
UPP3S,0.0,448.613310298576
UPPDC1,0.0,114.965620982769
UPPRT,0.0,213.12749712031
URACPAH,0.0,2.80062414087135
URAt,-1056.25539472963,1056.25539472963
URAt2,0.0,154.26771309299724
URAt2pp,0.0,218.54203712599477
URAtex,-inf,inf
URCN,0.0,11.1091424254564
UREA,0.0,18.344088122707397
UREASE,-6.488112593018639,6.488112593018639
UREAabcpp,0.0,1.960436898609948
UREAtpp,-inf,inf
URIC,0.0,4.48099862539416
URIH,0.0,7.795070525425269
URO_c,0.0,inf
VACOAI,-4.48099862539417,4.48099862539417
VACOAI_2,-4.48099862539417,4.48099862539417
VALDHr,-153.707588264823,153.707588264823
VALTA,-598.5867330422368,598.5867330422368
VALabc,0.0,126.07476340822532
VALabcpp,0.0,243.18752956566223
VALt2r,0.0,28.89310571998949
VALtex,-inf,inf
VANKpp,0.0,11.1091424254564
VANLNtex,-inf,inf
VANLTtex,-inf,inf
VCACT,-15.356755705777921,15.356755705777921
VCOAD,-170.18459362694912,170.18459362694912
VECOAH,-150.62690170986434,150.62690170986434
VNDH,0.0,3.87419672820537
VNDH_2,-4.94776931553939,4.94776931553939
VNLNpp,0.0,11.1091424254564
VNTDM,0.0,2.14714517466804
VPAMTr,-121.68711892086029,121.68711892086029
X5PL3E,0.0,inf
XAND,0.0,14.28318311844389
XANt2,0.0,1.5870203464937698
XANt2pp,0.0,73.04961300772777
XANt3,0.0,129.108772894169
XANtpp,-inf,inf
XPPT,0.0,118.2796928828
XTSNH,0.0,7.795070525425269
XTSNt2,0.0,2.14714517466804
XYL3abc,0.0,inf
XYLANabc,0.0,7.5150081113381315
XYLBabc,0.0,inf
XYLI1,-3.22071776200206,3.22071776200206
XYLK,0.0,58.99981523435657
XYLOS1,-52.41834850330879,52.41834850330879
XYLOS2,-52.41834850330879,52.41834850330879
XYLOS3,-52.41834850330879,52.41834850330879
XYLabc,0.0,8.96199725078833
XYLabcpp,0.0,3.7808425901763303
XYLt2,0.0,4.7610610394813
XYLt2pp,0.0,2.8939782789004
XYLtex,-inf,inf
YUMPS,-503.2254810455679,503.2254810455679
ZN2t3pp,0.0,39.7688628003732
ZN2t4pp,0.0,63.2941055836926
ZNabc,0.0,125.74802392512338
ZNabcpp,0.0,161.6426899972912
ilvg,0.0,5.181154660612
pentso3abcpp,0.0,1.727051553537335
r0963,0.0,80.09785042892071
r1143,0.0,74.403248009149
r2465_1,-39.7688628003732,0.0
r2535,-inf,inf
sink_2ohph_c,0.0,inf
sink_amob_c,0.0,inf
sink_hemeO_c,0.0,inf
sink_sheme_c,0.0,inf
EX_12dgr160_e,0.0,1000.0
EX_12dgr180_e,0.0,1000.0
EX_1ag160_e,0.0,1000.0
EX_1ag180_e,0.0,1000.0
EX_1ag181d9_e,0.0,1000.0
EX_1ag182d9d12_e,0.0,1000.0
EX_25dkglcn_e,0.0,1000.0
EX_26dap__M_e,0.0,1000.0
EX_2ameph_e,0.0,1000.0
EX_2dhglcn_e,0.0,1000.0
EX_2m35mdntha_e,0.0,1000.0
EX_2pglyc_e,0.0,1000.0
EX_34dhbz_e,0.0,1000.0
EX_34dhpac_e,0.0,1000.0
EX_35dnta_e,0.0,1000.0
EX_3hcinnm_e,0.0,1000.0
EX_3hpppn_e,0.0,1000.0
EX_3mb_e,0.0,1000.0
EX_4abut_e,0.0,1000.0
EX_4abzglu_e,0.0,1000.0
EX_4hba_e,0.0,1000.0
EX_4hbz_e,0.0,1000.0
EX_4hoxpac_e,0.0,1000.0
EX_4hphac_e,0.0,1000.0
EX_4hpro_LT_e,0.0,1000.0
EX_4hptn_e,0.0,1000.0
EX_4oxptn_e,0.0,1000.0
EX_5drib_e,0.0,1000.0
EX_5mdru1p_e,0.0,1000.0
EX_LalaDgluMdap_e,0.0,1000.0
EX_LalaLglu_e,0.0,1000.0
EX_Lcyst_e,0.0,1000.0
EX_R_3hdd5ea_e,0.0,1000.0
EX_R_3hphpa_e,0.0,1000.0
EX_R_3hpocta_e,0.0,1000.0
EX_R_3hppta_e,0.0,1000.0
EX_abg4_e,0.0,1000.0
EX_abt_e,0.0,1000.0
EX_ac_e,0.0,1000.0
EX_acac_e,0.0,1000.0
EX_acald_e,0.0,1000.0
EX_acgam_e,0.0,1000.0
EX_acmana_e,0.0,1000.0
EX_acnam_e,0.0,1000.0
EX_acon_C_e,0.0,1000.0
EX_actn__R_e,0.0,1000.0
EX_acysbmn_e,0.0,1000.0
EX_ad_e,0.0,1000.0
EX_adn_e,0.0,1000.0
EX_agm_e,0.0,1000.0
EX_akg_e,0.0,1000.0
EX_ala_B_e,0.0,1000.0
EX_ala_L_asp__L_e,0.0,1000.0
EX_ala_L_glu__L_e,0.0,1000.0
EX_ala_L_thr__L_e,0.0,1000.0
EX_ala__D_e,0.0,1000.0
EX_ala__L_e,0.0,1000.0
EX_ala_gln_e,0.0,1000.0
EX_ala_his_e,0.0,1000.0
EX_ala_leu_e,0.0,1000.0
EX_alagly_e,0.0,1000.0
EX_alahis_e,0.0,1000.0
EX_alaleu_e,0.0,1000.0
EX_alathr_e,0.0,1000.0
EX_alatrp_e,0.0,1000.0
EX_algac_MG_41_e,0.0,1000.0
EX_alltn_e,0.0,1000.0
EX_anhgm_e,0.0,1000.0
EX_arab__L_e,0.0,1000.0
EX_arbt6p_e,0.0,1000.0
EX_arbt_e,0.0,1000.0
EX_arg__L_e,0.0,1000.0
EX_ascb__L_e,0.0,1000.0
EX_asn__L_e,0.0,1000.0
EX_aso3_e,0.0,1000.0
EX_aso4_e,0.0,1000.0
EX_asp__L_e,0.0,1000.0
EX_bmn_e,0.0,1000.0
EX_btn_e,0.0,1000.0
EX_but_e,0.0,1000.0
EX_buts_e,0.0,1000.0
EX_butso3_e,0.0,1000.0
EX_bz_e,0.0,1000.0
EX_bzalc_e,0.0,1000.0
EX_ca2_e,-1000.0,1000.0
EX_carn_e,0.0,1000.0
EX_cellb_e,0.0,1000.0
EX_cgly_e,0.0,1000.0
EX_chol_e,0.0,1000.0
EX_chols_e,0.0,1000.0
EX_chsterol_e,0.0,1000.0
EX_cit_e,0.0,1000.0
EX_cl_e,-1000.0,1000.0
EX_cmcbtt_e,0.0,1000.0
EX_co2_e,0.0,1000.0
EX_co_e,0.0,1000.0
EX_cobalt2_e,-1000.0,1000.0
EX_creat_e,0.0,1000.0
EX_crn_e,0.0,1000.0
EX_crtn_e,0.0,1000.0
EX_csn_e,0.0,1000.0
EX_cu2_e,-1000.0,1000.0
EX_cyan_e,0.0,1000.0
EX_cys__L_e,0.0,1000.0
EX_dad_2_e,0.0,1000.0
EX_dag181d9_e,0.0,1000.0
EX_dag182d9d12_e,0.0,1000.0
EX_dca_e,0.0,1000.0
EX_dmso2_e,0.0,1000.0
EX_dopa_e,0.0,1000.0
EX_drib_e,0.0,1000.0
EX_dxyl_e,0.0,1000.0
EX_enter_e,0.0,1000.0
EX_etha_e,0.0,1000.0
EX_eths_e,0.0,1000.0
EX_ethso3_e,0.0,1000.0
EX_fe2_e,-1000.0,1000.0
EX_fe3_e,-1000.0,1000.0
EX_fe3dcit_e,0.0,1000.0
EX_fe3pyovd_kt_e,0.0,1000.0
EX_feenter_e,0.0,1000.0
EX_feoxam_e,0.0,1000.0
EX_feoxam_un_e,0.0,1000.0
EX_fer_e,0.0,1000.0
EX_fol_e,0.0,1000.0
EX_fru_e,0.0,1000.0
EX_fuc_e,0.0,1000.0
EX_fum_e,0.0,1000.0
EX_g3pe_e,0.0,1000.0
EX_ga_e,0.0,1000.0
EX_gal_bD_e,0.0,1000.0
EX_gal_e,0.0,1000.0
EX_galct__D_e,0.0,1000.0
EX_galctn__D_e,0.0,1000.0
EX_galman4_e,0.0,1000.0
EX_galman6_e,0.0,1000.0
EX_galt_e,0.0,1000.0
EX_galur_e,0.0,1000.0
EX_gam_e,0.0,1000.0
EX_glc__D_e,-1000.0,1000.0
EX_glc__aD_e,0.0,1000.0
EX_glcman4_e,0.0,1000.0
EX_glcman6_e,0.0,1000.0
EX_glcn_e,0.0,1000.0
EX_glcr_e,0.0,1000.0
EX_glcur_e,0.0,1000.0
EX_gln__L_e,0.0,1000.0
EX_glu__L_e,0.0,1000.0
EX_glucan4_e,0.0,1000.0
EX_glucan6_e,0.0,1000.0
EX_glutar_e,0.0,1000.0
EX_gly_asn__L_e,0.0,1000.0
EX_gly_asp__L_e,0.0,1000.0
EX_gly_cys_e,0.0,1000.0
EX_gly_e,0.0,1000.0
EX_gly_gln_e,0.0,1000.0
EX_gly_glu__L_e,0.0,1000.0
EX_gly_leu_e,0.0,1000.0
EX_gly_met_e,0.0,1000.0
EX_gly_phe_e,0.0,1000.0
EX_gly_pro__L_e,0.0,1000.0
EX_gly_tyr_e,0.0,1000.0
EX_glyb_e,0.0,1000.0
EX_glyc3p_e,0.0,1000.0
EX_glyc__R_e,0.0,1000.0
EX_glyc_e,0.0,1000.0
EX_glyclt_e,0.0,1000.0
EX_glygln_e,0.0,1000.0
EX_glyglu_e,0.0,1000.0
EX_glyglygln_e,0.0,1000.0
EX_glymet_e,0.0,1000.0
EX_glyphe_e,0.0,1000.0
EX_glyser_e,0.0,1000.0
EX_gsn_e,0.0,1000.0
EX_gthrd_e,0.0,1000.0
EX_gua_e,0.0,1000.0
EX_h2o_e,-1000.0,1000.0
EX_h2s_e,0.0,1000.0
EX_h_e,-1000.0,1000.0
EX_hco3_e,0.0,1000.0
EX_hdca_e,0.0,1000.0
EX_hexs_e,0.0,1000.0
EX_hia_e,0.0,1000.0
EX_his__L_e,0.0,1000.0
EX_hisgly_e,0.0,1000.0
EX_hishis_e,0.0,1000.0
EX_hom__L_e,0.0,1000.0
EX_hpta_e,0.0,1000.0
EX_hxa_e,0.0,1000.0
EX_hxan_e,0.0,1000.0
EX_icit_e,0.0,1000.0
EX_ile__L_e,0.0,1000.0
EX_ind3ac_e,0.0,1000.0
EX_indole_e,0.0,1000.0
EX_inost_e,0.0,1000.0
EX_ins_e,0.0,1000.0
EX_isetac_e,0.0,1000.0
EX_isocap_e,0.0,1000.0
EX_istfrnA_e,0.0,1000.0
EX_istfrnB_e,0.0,1000.0
EX_istnt_e,0.0,1000.0
EX_k_e,-1000.0,1000.0
EX_lac__D_e,0.0,1000.0
EX_lac__L_e,0.0,1000.0
EX_lcts_e,0.0,1000.0
EX_leu__L_e,0.0,1000.0
EX_leuleu_e,0.0,1000.0
EX_lmn2_e,0.0,1000.0
EX_lnlc_e,0.0,1000.0
EX_lys__L_e,0.0,1000.0
EX_lysglugly_e,0.0,1000.0
EX_m_xyl_e,0.0,1000.0
EX_mal__D_e,0.0,1000.0
EX_mal__L_e,0.0,1000.0
EX_malt_e,0.0,1000.0
EX_malthp_e,0.0,1000.0
EX_malthx_e,0.0,1000.0
EX_malttr_e,0.0,1000.0
EX_man_e,0.0,1000.0
EX_manttr_e,0.0,1000.0
EX_melib_e,0.0,1000.0
EX_meoh_e,0.0,1000.0
EX_met_L_ala__L_e,0.0,1000.0
EX_met__D_e,0.0,1000.0
EX_met__L_e,0.0,1000.0
EX_metox__R_e,0.0,1000.0
EX_metox_e,0.0,1000.0
EX_metsox_R__L_e,0.0,1000.0
EX_metsox_S__L_e,0.0,1000.0
EX_mg2_e,-1000.0,1000.0
EX_mn2_e,-1000.0,1000.0
EX_mnl_e,0.0,1000.0
EX_mobd_e,-1000.0,1000.0
EX_mso3_e,0.0,1000.0
EX_n2o_e,0.0,1000.0
EX_nh4_e,-1000.0,1000.0
EX_no2_e,0.0,1000.0
EX_no3_e,0.0,1000.0
EX_no_e,0.0,1000.0
EX_o2_e,-1000.0,1000.0
EX_oaa_e,0.0,1000.0
EX_ocdca_e,0.0,1000.0
EX_ocdcea_e,0.0,1000.0
EX_octa_e,0.0,1000.0
EX_orn__D_e,0.0,1000.0
EX_orn_e,0.0,1000.0
EX_orot_e,0.0,1000.0
EX_oxa_e,0.0,1000.0
EX_p_xyl_e,0.0,1000.0
EX_pacald_e,0.0,1000.0
EX_pdima_e,0.0,1000.0
EX_pea_e,0.0,1000.0
EX_peamn_e,0.0,1000.0
EX_pentso3_e,0.0,1000.0
EX_phe__L_e,0.0,1000.0
EX_phehpa_e,0.0,1000.0
EX_phehxa_e,0.0,1000.0
EX_pheme_e,0.0,1000.0
EX_pheocta_e,0.0,1000.0
EX_phept_e,0.0,1000.0
EX_pi_e,-1000.0,1000.0
EX_pime_e,0.0,1000.0
EX_pnto__R_e,0.0,1000.0
EX_ppa_e,0.0,1000.0
EX_ppat_e,0.0,1000.0
EX_pro__L_e,0.0,1000.0
EX_progly_e,0.0,1000.0
EX_prohisglu_e,0.0,1000.0
EX_pta_e,0.0,1000.0
EX_ptrc_e,0.0,1000.0
EX_ptsla_e,0.0,1000.0
EX_pydxn_e,0.0,1000.0
EX_pyovd_kt_e,0.0,1000.0
EX_pyr_e,0.0,1000.0
EX_raffin_e,0.0,1000.0
EX_rib__D_e,0.0,1000.0
EX_ribflv_e,0.0,1000.0
EX_rmn_e,0.0,1000.0
EX_s_e,0.0,1000.0
EX_salc_e,0.0,1000.0
EX_salchs4_e,0.0,1000.0
EX_salchs4fe_e,0.0,1000.0
EX_sbt__D_e,0.0,1000.0
EX_sel_e,0.0,1000.0
EX_ser__D_e,0.0,1000.0
EX_ser__L_e,0.0,1000.0
EX_serglugly_e,0.0,1000.0
EX_skm_e,0.0,1000.0
EX_slnt_e,0.0,1000.0
EX_so3_e,0.0,1000.0
EX_so4_e,-1000.0,1000.0
EX_spmd_e,0.0,1000.0
EX_stfrnA_e,0.0,1000.0
EX_stfrnB_e,0.0,1000.0
EX_succ_e,0.0,1000.0
EX_sucr_e,0.0,1000.0
EX_sula_e,0.0,1000.0
EX_sulfac_e,0.0,1000.0
EX_tag160_e,0.0,1000.0
EX_tag180_e,0.0,1000.0
EX_tag181d9_e,0.0,1000.0
EX_tag182d9d12_e,0.0,1000.0
EX_tartr__D_e,0.0,1000.0
EX_tartr__L_e,0.0,1000.0
EX_taur_e,0.0,1000.0
EX_tcynt_e,0.0,1000.0
EX_tet_e,0.0,1000.0
EX_thm_e,0.0,1000.0
EX_thr__L_e,0.0,1000.0
EX_thym_e,0.0,1000.0
EX_tnt_e,0.0,1000.0
EX_tol_e,0.0,1000.0
EX_tre_e,0.0,1000.0
EX_trp__L_e,0.0,1000.0
EX_tsul_e,0.0,1000.0
EX_tton_e,0.0,1000.0
EX_tyr__L_e,0.0,1000.0
EX_ura_e,0.0,1000.0
EX_val__D_e,0.0,1000.0
EX_val__L_e,0.0,1000.0
EX_vanln_e,0.0,1000.0
EX_vanlt_e,0.0,1000.0
EX_xan_e,0.0,1000.0
EX_xtsn_e,0.0,1000.0
EX_xyl3_e,0.0,1000.0
EX_xyl__D_e,0.0,1000.0
EX_xylan4_e,0.0,1000.0
EX_xylb_e,0.0,1000.0
EX_zn2_e,-1000.0,1000.0
Growth,0.0,inf
ATPM,0.0,inf
EX_phenol_e,0.0,1000.0
phenol_transport,0.0,inf
PHEMOX,0.0,inf
EX_guaiacol_e,0.0,1000.0
guaiacol_transport,-inf,inf
GUADEM,0.0,inf
tag_production,-inf,inf
EX_tag,0.0,1000.0
Growth_Phenol,0.0,inf
Growth_Glucose,0.0,inf
CBFC2pp,0.0,inf
NDH1_4pp,0.0,inf
CYO1bpp_syn,0.0,inf
CYTBDpp,0.0,inf
