Metabolite,Tags,In 1-A,In 1-B,In 1-C,In 1-D,In 1-E,In 1-F,In 1-G,In 1-H,In 1-I,In 1-J,In 1-K,In 1-L,In 4-A,In 4-B,In 4-C,In 4-D,In 4-E,In 4-F,In 4-G,In 4-H,In 4-I,In 4-J,In 4-K,In 4-L
2-aminoadipic acid,High Confidence,206675.0732,341996.1038,263361.8045,361520.3973,227309.5576,398074.8856,23856094.08,23677926.19,22411304.04,15162280.88,18852341.72,17011829.74,307148.4264,524399.0083,275079.3403,5320455.933,4040092.502,5874447.4,2040576.271,1720015.264,1587764.505,19734542.56,21580766.29,15944777.8
2'-Deoxycytidine 5'-monophosphoric acid,High Confidence,265628.2074,358143.9148,316901.9375,158448.3434,213583.3661,211939.4967,644698.6029,504746.135,610753.061,415540.7152,414698.8283,519245.3363,67093.51243,92799.06573,91128.01027,75728.42913,55793.05567,100614.7628,62117.76873,39870.09676,46410.23775,274822.6378,232556.9408,297452.001
3-phosphoglycerate,High Confidence,398155.547,448290.9183,382225.8958,322605.0733,312837.4294,296180.631,270515.9001,433893.9125,281546.7381,271752.3762,282297.4352,293529.2016,688993.8748,846794.3694,541526.933,84282.47815,42815.82702,82763.97424,29381.11382,16093.13845,9265.648055,252025.54,360598.2283,237547.2887
4-aminobutyric acid (GABA),High Confidence,461693.9971,496714.9992,549619.8102,677195.0481,575822.1064,819996.2312,1422059.381,693137.9054,1364525.822,72902.08497,2048534.514,1604691.312,78968.41042,272475.1993,85734.55651,269978.4926,251311.2993,251915.9888,926751.4782,567931.033,538910.5951,1748443,1655718.005,1077434.327
Adenine,High Confidence,553917.0126,638854.8404,802743.2753,710902.5555,510742.4749,618736.8906,652987.2244,700616.3589,720880.1296,594252.4445,631378.7495,588287.2297,454156.457,429740.5506,392350.9899,534609.9798,455045.118,507102.4082,488827.447,379245.5165,351121.7984,747663.7436,730424.7882,570845.796
Adipic acid,High Confidence,0,0,0,0,0,0,209583.4215,0,0,0,0,0,0,0,0,0,0,0,0,0,0,0,0,0
Arachidic acid,High Confidence,39884.14605,84423.2395,65523.76898,21587.08363,30589.63167,43765.31576,45144.48775,51418.46615,80344.30843,30943.57956,34596.49303,23911.45154,49204.36451,54159.88575,55007.71791,54335.89125,40411.43365,28787.93227,17656.03153,34278.42471,46926.60926,17617.16928,16733.75967,24811.62993
Beta-alanine,High Confidence,1751763.144,2040960.806,2144767.057,1742924.769,1362157.065,1604466.573,3338455.005,3346598.263,3306365.082,2485640.047,3083610.049,2584467.95,1682083.443,1807988.441,1366642.368,2219697.781,1961972.967,2760299.461,1913257.209,1657865.525,1437947.627,3514744.579,3450981.035,2794280.997
Carbonate ion,High Confidence,1766960.212,2032543.136,2175518.313,2187317.706,2078919.836,2008970.447,1906086.503,1976833.614,1942793.91,1821222.863,2065605.094,1626023.237,1673533.919,1892648.079,2027582.822,1831849.039,1693129.858,1883379.831,1640787.714,1595261.253,1592373.937,2483468.321,2363186.045,1985494.087
Citric acid,High Confidence,98325.76686,115405.401,157969.9413,73643.828,85094.11759,110175.1601,109801.4759,124751.5149,139679.9732,228090.2971,267275.4758,247298.1744,260517.7572,289564.4238,228498.8164,235961.8236,224289.2373,248758.7374,139057.663,0,79803.27844,145069.2911,195304.4353,124752.0228
Dehydroalanine,High Confidence,185888.5182,50991.39092,276810.7429,317216.4194,336929.763,515591.83,106603.5034,206576.8753,154902.0768,220103.45,440350.1855,211315.0655,195437.2737,260805.1545,73308.91153,216710.7909,38717.69241,162162.795,72136.55077,55732.04713,158493.9659,341270.398,334612.2884,251951.8778
D-fructose-6-phosphate,High Confidence,344300.8899,383827.3901,585674.9643,494423.5926,441223.2334,532374.7626,367863.3889,520585.7029,304891.9245,331505.5842,493661.3041,324032.0481,1199739.899,1329242.593,1027053.449,296610.3692,199335.4792,310796.141,323996.492,217418.1167,185075.6159,430239.1305,395793.2336,411098.9635
D-glucose-6-phosphate,High Confidence,273001.9461,391076.7057,572860.0299,423658.2758,399515.0611,465356.3937,271235.2412,396338.072,293061.4552,241360.9473,392290.1894,268843.7896,1469136.857,1513264.057,1271376.61,326491.4372,158452.1138,333793.4385,323643.639,235757.765,200111.4266,369158.6924,282222.7382,334242.4852
D-xylose,High Confidence,1244271.21,1370879.968,1981111.242,2028736.031,1707080.821,2405661.477,35086.07014,18275.82086,41063.91024,55741.73559,49014.10571,24124.65532,23805.62502,31784.26708,39812.19118,21505.44221,31789.80332,48858.42666,59401.70921,41700.58645,54224.80308,74451.58683,64919.77546,38590.30246
D-xylulose-5-phosphate,High Confidence,227145.0639,237269.7034,278720.2489,183339.3501,84530.83179,130904.7896,223722.546,323895.5544,329585.339,305873.5163,157262.5725,187173.3775,378049.3349,350440.7774,318954.2914,269814.7337,197475.7343,264587.9899,250847.213,181313.8119,160125.8942,220190.1832,282802.5175,210301.4202
Fumaric acid,High Confidence,119773.033,122321.5458,136156.8965,168314.1489,117022.5413,143363.6065,114596.4351,129183.3339,119013.2164,159915.2514,121580.0226,90070.85293,158037.1499,150853.1947,111172.4456,91030.15398,69479.84472,98699.51824,99172.74831,74231.96595,52248.61657,104331.8732,109053.3762,94793.94413
Glycine,High Confidence,922466.5797,771637.3687,248502.4688,1998364.135,1737380.348,1118409.732,4269566.855,1922854.997,3244370.872,4473318.467,6746537.637,5400629.628,993123.0171,8035.266056,920198.9753,1535088.211,427645.658,1106044.598,889732.1041,820826.7903,617263.2285,7006278.338,7446420.576,5682098.081
Glycolic acid,High Confidence,204128.9133,219463.64,205280.0178,141241.0639,189167.0341,132736.2182,103578.8418,116942.017,111971.8948,145109.2876,101329.6721,126009.0545,116358.4374,104575.279,86459.68017,105659.2096,139989.7747,131834.4127,114312.0962,96610.92582,111963.5523,148474.5443,122008.3922,123242.9712
Heptadecanoic acid,High Confidence,207039.6917,165921.7611,166566.9322,105736.2923,44903.26676,53495.14638,374559.7198,334460.543,381912.2086,329500.4758,116549.4623,184869.9217,451147.6016,389472.5457,392646.3631,326640.9947,248550.0656,312379.5605,304526.36,219540.2708,188264.5197,195249.7304,230885.9725,145536.2462
Lactic acid,High Confidence,225028.1344,245828.9162,260720.9016,176995.3863,150557.5559,156252.9298,142943.6901,188577.3148,157839.088,164608.9805,154163.8836,159706.8796,153434.1205,216288.1075,169436.1811,154094.3458,194634.6632,98357.90075,152264.6526,160525.7105,200893.0236,266394.0734,179719.8966,214354.3206
Lactobionic acid,High Confidence,297461.1457,486568.3461,469788.9548,457575.0963,501898.8618,459711.4064,1181992.366,1451383.847,1196540.283,967037.7989,1374450.385,1714331.935,320351.3953,347833.6303,268899.8458,443246.0047,394086.3112,505432.6389,480416.8641,474294.666,430427.4884,1672988.614,1382088.474,1615114.197
L-alanine,High Confidence,0,1881030.635,0,0,5325367.331,0,0,0,0,0,0,0,0,0,0,0,711819.7826,0,0,0,486357.8878,0,0,0
L-aspartic acid,High Confidence,8411987.491,9191838.411,10135135.2,4152843.291,1893979.573,3448164.71,25221467.68,12607302.94,24372444.99,6288164.571,39392352.4,25985511.15,3425290.643,4970898.41,2826173.25,4812070.45,3908804.817,4472798.864,17195549.64,9890450.529,9565445.096,30268514.81,31249934.69,19517873.36
L-citrulline,High Confidence,883946.6437,1070093.942,1290613.53,509802.1077,489013.39,507235.2248,308083.3675,231273.2664,22599.38133,1833000.314,937847.9586,982232.1125,25311.03113,9101.607102,14071.10671,1332786.403,1159944.611,1728749.122,952304.012,728418.8023,567673.4863,839916.2072,933265.4925,635760.9858
L-cysteine,High Confidence,34612.89715,26053.04255,37043.65161,5739.861804,15278.49867,4389.991933,5405.591061,10803.90713,0,90361.55301,116806.3997,88118.58718,18438.42798,11560.92372,15274.72863,10079.15798,13323.58295,13959.22617,10149.88636,12009.61057,6968.497393,6577.44353,6198.425153,8585.161214
L-glutamic acid,High Confidence,72834594.93,95684119.04,96610235.2,71429120.07,60880610.6,88380186.09,53331652.37,70220787.46,53446170.57,51469533.38,43068975.98,36057081.92,72424130.45,97021359.58,61740842.24,62176378.27,56217930.96,85870346.95,65102204.07,48110695.12,42570509.46,42257332.68,40195435.14,31490058.41
L-glutamine,High Confidence,26495246.41,39042968.97,43691626.79,7045656.635,3621625.038,6079384.728,17958773.38,29748039.02,22045939.11,51262.97376,490951.1135,154313.5823,15639461.81,19606092.64,11801558.01,8184973.274,6753418.1,10427757.93,14301720.86,9870352.456,9221024.28,10702589.89,10066038.32,7990513.077
L-homoserine,High Confidence,660831.8207,572769.972,792151.7667,341744.9778,171768.0131,224865.8256,141075.2009,327730.4227,503469.9449,114064.9516,169347.45,115716.8757,191808.7384,125937.2102,1404.505276,133131.8882,104129.9311,117030.7268,62650.20477,63987.76404,45261.32046,34248.75865,1460.089581,206062.7436
L-isoleucine,High Confidence,705352.1181,701897.1224,787166.7874,1246732.01,776070.1881,771373.5036,1573461.364,655340.3098,1339143.175,622571.5595,1130694.447,983340.1898,240378.5376,334406.9543,215499.6757,330496.2242,221324.3372,339481.8479,1262135.271,1055611.673,655168.8351,1694575.469,1815436.682,1256285.46
L-leucine,High Confidence,445749.2787,374946.1613,659742.7041,617857.5047,70336.01997,206800.5141,1581419.961,626567.5545,969342.1932,855415.1018,1972408.86,1397863.174,133274.4035,256093.2153,85570.66727,307166.6357,228880.0124,332702.4997,641190.479,473042.6885,366619.2877,2284255.809,2672654.674,2584938.203
L-lysine,High Confidence,2494117.107,2950625.948,3059875.754,4731910.946,4416971.288,4194140.777,1662821.4,1823214.77,1481091.564,6563650.829,5156550.963,4374322.073,2275603.632,2599468.037,1835626.12,7093524.386,5217579.142,9046394.905,1856993.983,1359136.587,1103987.871,3641509.345,4055927.173,2594392.377
L-malic acid,High Confidence,40436.38758,24528.13192,32616.21585,54159.01614,123540.0407,143057.368,67378.71368,37799.1459,63755.73258,151197.1989,143216.414,153795.2588,94673.14638,112390.3686,56744.67141,48153.71613,180115.4441,77362.13319,32602.95187,48212.97307,49188.08806,97888.89408,102323.1403,56175.69508
L-ornithine,High Confidence,2713743.493,3059466.163,3453044.142,837797.4772,727742.6953,753803.504,797072.4243,1009492.153,829215.8631,1728154.374,2043527.473,1354260.248,580133.1999,675668.2337,472701.0261,1623302.231,1290416.829,1818487.925,1853419.7,1091359.365,1299934.578,1393560.967,1525463.658,1041381.231
L-phenylalanine,High Confidence,630873.0892,10431301.14,10340784.99,194290.4196,131899.7445,9601237.31,654766.3417,383049.23,527482.0721,385105.9878,584940.1539,391588.8171,7924928.072,10607031.77,71292.99552,611136.4886,681177.5747,9298766.489,214653.822,206652.2724,242538.6812,1163186.259,1111193.937,769558.1571
L-proline,High Confidence,244053.8395,87262.37762,369783.7355,328879.9219,170375.5545,12849.17321,299959.224,258973.91,176281.8212,3098491.047,1087173.475,1954546.481,96972.69278,18786.57677,76122.9981,1528285.323,113296.3235,481594.4665,14791.45692,76332.07757,3173.130663,400834.9447,644075.9628,836435.4077
L-pyroglutamic acid,High Confidence,61181040.9,68280974.54,72158448.05,45083991.83,44679007.27,44943434.28,51969060.82,51093890.56,45780027.45,30120009.47,26195884.96,15668733.82,55293780.85,70357244.83,50328117.59,52007535.98,45284616.06,57445668.86,55965813.87,40194243.28,34745416.69,24309077.07,19399981.43,33742.05247
L-serine,High Confidence,1619516.315,857792.8519,2230830.935,1809433.025,1038813.942,1848037.849,826457.8399,1081902.751,666668.91,1898937.744,5123530.646,2936306.869,794203.4544,883035.348,684498.4909,1512110.315,874012.2859,1391527.273,815362.7218,496170.8529,567399.3189,2644569.681,2764752.955,2428895.084
L-threonine,High Confidence,3594054.614,3111216.745,4389064.205,3393411.358,1857196.441,3531632.148,4508997.64,3879108.812,5179265.97,3208841.639,10212636.78,5821371.549,986307.2574,1108327.349,801987.0165,1821969.564,1449417.063,1859422.282,4609597.221,3048070.309,3422106.752,7960952.685,9935818.353,7335381.467
L-tyrosine,High Confidence,1479558.603,1792603.22,1839140.62,1282346.679,2234590.398,1192128.211,1719719.251,992468.3884,1140652.638,4580951.414,4693346.52,3805898.854,670459.15,762091.9823,537057.5404,4003796.885,3399061.638,4948174.649,1079260.814,921329.2887,724056.0881,3149008.665,3570317.422,2332821.929
L-valine,High Confidence,2048266.912,1931687.661,3089771.618,1598031.101,952840.9007,1052846.619,1987432.118,902912.604,1095421.676,1933046.791,4726271.278,3196372.858,424195.5196,421615.6935,395899.6961,1200947.035,896281.0612,731761.1853,731552.1005,302177.363,0,3648592.716,4195611.315,2413122.474
Maleamic acid,High Confidence,258836.2328,573121.9258,769993.8689,1051553.294,356065.1369,759362.2776,543938.5891,992494.2861,816257.0365,433757.5963,859150.8834,372096.4382,1135411.295,1058120.127,601364.8979,753247.0036,699055.0147,870835.9013,912414.1968,576817.1635,417079.8696,899934.184,920453.3809,704228.7089
Methyl phosphate,High Confidence,21714,195139.6662,392.4590376,161262.6159,284211.2381,239752.1731,325831.8473,27725.91666,80758.90508,83952.64264,142474.0689,458710.6838,0,55580.01551,39865.71505,0,0,136475.79,0,214607.1021,19304.90869,454417.0054,205633.6033,141200.1422
Myo-inositol,High Confidence,822788.2659,923446.6062,1082944.909,1162029.493,1130986.636,1114647.484,204121.5631,0,137029.7444,596182.9865,185027.8792,365924.2975,1616662.095,1679600.671,1337135.11,786740.0152,600493.8931,923319.8943,260607.2427,157456.5396,144713.086,160380.1277,194589.184,105507.5412
Myristic acid,High Confidence,281234.1695,238410.4301,356655.8231,270596.9672,353272.9494,347055.6601,269248.2551,275958.2032,231810.6534,312556.3288,330142.5996,357243.0478,191684.394,173285.0251,120507.9408,155153.2591,109540.9321,176244.2074,208161.2046,154980.6716,120487.198,328187.0914,297447.1002,253386.7611
"N,N-dimethyl-L-histidine",High Confidence,504005.8009,666324.6325,893205.0312,818198.2671,381870.2233,593480.7043,212734.8811,244577.9325,238172.4276,164667.4551,271708.4024,125814.8444,0,11025.65674,0,318603.6632,278854.3246,383175.882,0,0,0,169188.31,170627.1679,145280.3087
N-ethylglycine,High Confidence,105110.9129,112048.1036,115914.2815,279198.2554,347908.2406,175308.3584,118358.5777,34555.71717,128196.3672,266478.5145,186434.8455,306895.2906,16793.3162,73499,32520.71419,51765.74474,105906.4467,17351.00481,17544.42555,88852.58534,85431.02529,173526.668,260210.408,119557.914
N-methylalanine,High Confidence,170421.4069,368031.2002,307559.2181,659139.8008,833349.9707,545598.8488,511964.9705,219817.9471,231558.1527,718192.2575,626931.3929,552403.8415,296418.3871,112977.2923,99845.53063,484226.2734,296652.8261,307406.1161,72224,94102.77174,253701.7414,314822.5795,396975.298,286762.4857
Norvaline,High Confidence,0,61375.727,84799.81032,4624400.569,3306975.474,2439050.688,0,0,0,0,0,0,0,0,0,0,0,0,0,0,0,0,0,0
Oleic acid,High Confidence,171851.735,147351.5454,181452.6788,97967.82883,42171.56527,61475.48263,203067.1066,197483.1539,210472.3642,211745.044,142121.013,163027.0461,676174.1034,499137.2031,459518.3358,252012.5033,203678.6162,253398.9091,341426.855,238125.5371,218354.0555,155080.7242,162887.9426,132874.3178
Oxalic acid,High Confidence,155239.0217,204315.0496,189614.01,241865.9599,250631.6877,284192.781,180256.5839,203515.0413,172076.6647,203540.4464,236513.168,231871.0625,165991.8704,188193.3247,150452.9692,180825.0147,186205.9967,158796.043,8205.65046,188470.4795,154502.7134,255888.01,262638.9726,216436.8611
Palmitic acid,High Confidence,2935389.252,2204504.144,2447984.193,2285366.79,2235888.515,2655466.125,3256066.231,2677520.686,2657982.853,2974569.612,2531607.993,2318922.138,3359067.804,2831555.448,2589374.624,1737325.831,1543914.838,2206717.728,2145805.358,1700726.226,1283536.841,1751919.372,1867107.978,1450895.401
Palmitoleic acid,High Confidence,296828.6574,298423.1075,410636.8949,252458.0528,113847.1702,351898.9702,341738.5568,337775.9592,341880.7129,153024.4271,461121.2558,356085.2231,549382.5808,206904.5533,209981.2005,224792.3804,214442.3942,194005.6803,208378.708,161303.3061,154934.6746,704151.7261,687641.8769,580828.6048
Phosphate Ion,High Confidence,110601592.8,130003131.9,141926337.1,117263225.7,102447134.5,111538320.5,88014315.64,117473269.8,98519682.25,83796156.86,105150428.5,95124254.37,167604797.7,175979046.4,139822433.7,149232967.9,144776807,170750164,179953315.5,162359956.2,145351201.8,157227390.9,148072204.8,141087523.1
Putrescine,High Confidence,0,0,0,0,1134363.489,1710003.801,0,0,0,515964.1623,0,382386.6244,0,0,0,0,0,0,0,0,0,0,0,0
Pyrophosphate,High Confidence,2125626.483,3499407.438,2581333.592,3687845.057,5387498.528,5802249.967,4392196.118,4377464.799,4637530.547,5159580.503,3987438.581,4998994.366,605576.494,1096878.472,1095695.304,874562.943,443205.7626,696836.3993,182833.7523,199377.8511,257301.3594,1639744.557,1999362.416,1998629.132
Scyllo-inositol,High Confidence,660655.9488,769514.7106,929752.1524,557903.3325,445174.8589,529896.0772,291458.2868,309778.4289,341480.2825,187909.3971,186643.6647,182030.3234,510011.2229,533600.111,406724.125,355992.1375,306258.0055,380619.9247,207067.6474,185366.228,127180.3877,310852.5003,336321.9563,272696.2274
Sedoheptulose anhydride monohydrate,High Confidence,207545.671,227438.9549,287084.7961,147984.9897,117583.5967,123273.3315,214783.0903,196290.9319,224173.1078,116910.4933,203151.5376,107820.8775,278137.4091,274752.6767,288342.9502,255866.5226,175504.1228,237514.4584,190651.0583,140190.1248,142040.9949,142573.9348,149145.3816,56247.6186
Sedoheptulose-7-phosphate,High Confidence,76978.7043,110026.0371,152515.4778,171422.4555,151294.6051,160372.2817,134583.0519,174585.479,117617.7227,93791.90353,250648.1423,137506.8101,788596.2096,646963.191,585774.5956,258374.0886,130463.3042,249474.4501,207465.4744,137204.8153,118220.3836,259195.6291,212391.0443,297486.1441
Stearic acid,High Confidence,1601823.49,1730019.036,1910756.883,1591377.409,1183758.311,1949812.691,1639480.962,1978766.227,2081752.004,1853429.066,1439418.42,1520568.131,1961440.29,1445947.585,1861037.262,1731038.325,1582726.51,1515029.976,1702311.779,1494226.425,1265343.644,1986981.648,2295521.782,1308643.595
Succinic acid,High Confidence,534353.5089,628818.5193,770885.8474,420150.0547,134013.5243,360624.7284,188251.5481,789926.7672,331844.1742,226989.2975,328960.6123,272645.1641,751913.8733,785084.3825,495623.4859,551083.9204,450453.7638,746674.3245,547116.4282,463461.6626,378205.1453,364189.5404,385369.6765,286463.0156
Thymine,High Confidence,426149.2706,506746.5995,492652.2632,254280.1055,313387.961,434601.2863,846001.2611,708502.1849,740462.8979,591422.1391,504061.7053,756681.5155,249671.1236,232832.9221,191119.8768,308267.8777,251295.0556,168084.1562,260946.4624,209088.6659,184236.1998,393573.1042,331498.9694,241379.9498
Trehalose,High Confidence,40097902.05,194384314.5,208620293.3,224293777.2,61811739.64,206321649.8,198218326.5,207256163.1,197571052.5,205703626.7,221195368.5,215123835,263042.9435,262986.8964,230111.0907,41542314.23,125847231.4,46641174.47,126573286.8,30102565.37,104823529.9,200559082.6,212836058.9,199574662.9
Trehalose-6-phosphate,High Confidence,127414.1812,132384.2474,239807.6305,184039.7692,140529.9863,125707.1815,236385.1641,314101.05,235637.3193,163703.6496,320343.3586,195628.833,112055.2784,213034.4525,79860.80272,47682.12089,35253.7171,58577.9656,39321.3273,48526.49431,23065.28057,363860.5731,249953.1758,308336.6968
Uracil,High Confidence,199872.5739,187232.1083,231540.3549,280351.3854,52275.23212,51637.03103,287377.3972,317272.0801,296802.3453,127755.2437,117461.7142,109302.9907,438947.4918,270986.1241,199165.4545,458013.1784,410265.9036,68137.4293,467062.4642,421251.4362,259585.7775,115765.8623,160715.3716,328831.8564
"1,4-butanediol",Moderate Confidence,41165.39698,48776.35875,43226.14403,64897.56241,34278.06886,26890.95132,56614.16447,62417.6887,50412.39213,53198.47851,60363.19803,57007.31129,53058.90456,56568.57216,49047.11856,74674.76325,52141.17017,69342.9659,70343.35873,64378.33712,61581.09021,98021.15813,116372.0847,93075.51801
1-hexadecanol,Moderate Confidence,790045.0733,959812.7334,965880.1396,13567.05911,24618.99943,11800.42621,192399.7464,347654.8814,433799.9252,18624.48429,36427.47424,32734.94425,55973.05739,61683.79359,40336.44235,0,0,6110.392642,475.2153751,0,0,38532.48195,36922.13389,37333.4955
2-hydroxypyridine,Moderate Confidence,888534.8362,899297.4159,976757.3168,1264148.376,960939.2913,1087308.378,848139.6493,1114935.76,956018.0717,1039435.718,1631374.301,1011501.875,1138601.705,1155821.209,994132.3266,1277929.776,1266281.658,1504007.589,1569030.366,1304996.332,1161699.3,1986615.106,2078471.786,2020328.99
2-phosphoglyceric acid,Moderate Confidence,388102.3802,385725.6296,459388.0785,624391.3526,321497.4902,512571.5064,272195.6565,271005.8053,247715.4431,357321.28,319232.2726,200852.2274,231300.1348,203515.7929,217279.9123,272967.0807,148528.0991,160443.2162,169721.1809,104870.6859,86225.71289,82144.74556,89644.31873,86012.01611
Adenosine-5-monophosphate,Moderate Confidence,131668.2399,256463.5303,316117.794,65417.31696,70673.67258,67936.64019,52319.53987,133628.9534,97581.69033,86480.87502,378320.6454,0,77653.09127,206809.0486,161074.6596,0,0,39297.58989,0,0,0,35153,31807.40924,43262.14811
"Benzene-1,2,4-triol",Moderate Confidence,9703550.709,12714942.8,16695676.59,12141743.6,9465402.543,9913295.092,10953083.61,11669352.47,10934915.4,10044991.03,9565257.492,8962916.866,5961467.512,6118800.247,5513934.965,8313400.165,5740135.455,6809161.135,5693715.807,3720353.288,3393311.704,6887293.925,6306198.573,5885970.573
Ethanolamine,Moderate Confidence,379681.7031,135875.2773,239483.0636,572394.735,173524.7746,434819.9048,279881.3258,246247.8191,235467.9167,388335.6927,550834.9008,452146.3934,374274.6673,164179.0305,296809.83,367979.7948,264853.2367,212926.731,268715.1145,189238.8102,203847.0996,188138.6065,232944,616704.7575
Gluconolactone,Moderate Confidence,425001.0593,575946.4935,595607.8002,668947.0136,610311.7892,807810.0985,1656686.426,1819622.552,1773080.258,1143047.066,1741672.68,1677262.643,480762.1814,503557.344,430634.2611,634884.003,467878.6458,587630.758,497021.7531,402800.4519,385677.4127,1797103.484,1521086.05,1403632.173
Glycerol 3-phosphate,Moderate Confidence,2299701.114,2697195.472,3452931.477,2939437.454,2719318.511,2975475.637,2144170.7,2865212.691,1901691.18,2767222.339,2568547.034,2368632.604,5157918.369,5475203.271,3949754.095,1511655.984,1156251.055,1749667.696,1098120.732,851287.1702,665393.8664,1629399.295,1778626.06,1378176.751
Glyoxylic acid,Moderate Confidence,329477.0161,409170.2286,568890.5138,473743.6405,189109.6002,259466.1051,497477.7457,547428.2824,449547.1801,458218.3739,475280.0083,380610.2467,320461.8533,102667.1636,228642.0445,221313.8556,336407.4286,286143.5476,338353.0087,84058.09215,86851.79454,456280.8312,475428.6199,394695.8758
Guanosine-5'-monophosphate,Moderate Confidence,6932816.098,8931991.534,9972246.253,10624034.8,9144315.009,9743127.912,9515015.721,10987652.94,9607782.095,9681598.803,9326859.245,8608314.145,4072828.517,7116402.472,5170347.423,5035324.631,3778261.545,7385129.726,2919846.171,2108620.469,2011782.474,7556501.64,5281240.156,6515443.927
Hypoxanthine,Moderate Confidence,84073.7104,76362.69132,0,0,47579.83892,65883.34801,217329.0428,151888.8894,213107.7389,16007.01544,0,75710.19591,0,0,0,7005.593628,6757.360206,8706.005935,0,0,0,209004.6761,220586.6278,190968.5468
Isomaltose,Moderate Confidence,88787.44596,69651.34566,42242.23673,69647.72346,0,39153.76907,149220.1091,127934.0661,126508.276,132103.7593,121452.488,123358.1901,25547.31148,34369.8561,25543,60409.5959,85884.66922,77968.50542,35621.79002,27947.08435,49283.78719,108350.6366,102453.3157,84893.54894
Lauric acid,Moderate Confidence,37088.94151,61825.34325,67504.96606,55843.23684,64953.82594,54391.55121,44274.5301,68654.5346,81764.42537,46033.97162,56328.8248,40799.77318,82380.82526,106322.54,52075.87826,89612.84501,93521.46517,61693.9982,124612.0584,44476.73973,66186.13742,97402.6874,73226.31299,48274.73313
L-histidine,Moderate Confidence,0,0,0,0,0,0,0,0,0,0,1737773.227,0,0,0,0,825537.4055,0,0,0,0,0,1173605.04,1200115.678,782707.7371
L-methionine sulfoxide,Moderate Confidence,23967.49743,23144.41843,35313.01851,57650.95129,33682.73078,68076.39291,9948.08087,35512.15304,34958.72139,65791.95676,192791.2712,57945.46767,29902.61152,38560.50169,33344.37921,14086.95965,36234.84167,29442.01627,27738.64147,26152.15395,13733.44791,28483.55925,44191.97897,23092.81508
Maltotriitol,Moderate Confidence,0,0,0,0,0,19900.15745,0,66670.08772,0,0,87602.90497,702.4428372,187856.8411,227987.4043,140131.776,0,0,56144.58886,0,565.9806656,0,0,2210.823045,25464.52008
Maltotriose,Moderate Confidence,46849.97461,98909.05795,107024.129,197109.0981,132211.9452,130384.7345,0,27046.48496,0,46002.15192,0,23074,91569.05481,88155.78074,41202.29249,118438.3792,39006.24934,80958.70807,38837.83117,35347.05463,29388.86864,31171.57765,34299.33997,35125.69564
Melibiose,Moderate Confidence,30257.09423,57921.44706,42865.44344,154515.4823,178537.3888,92173.05823,167167.6105,108258.3196,175990.2768,45797.01793,152281.8303,34347.97298,73835.03454,89790.55155,36081.98794,119288.0897,94815.79012,161481.3512,98097.36541,72820.82375,52348.61379,217832.2801,167044.4549,149282.3998
O-phospho-L-serine,Moderate Confidence,1240236.629,1283428.711,1182551.334,912327.9657,546466.6858,656821.3752,725446.6223,591027.497,926208.8036,244917.9394,42215.30618,122255.6453,144954.9312,180957.4926,108310.7321,334427.237,272614.2275,505503.3518,125287.6601,113649.5093,97472.97772,43597.21254,88821.68978,33946.42482
Phlorobenzophenone,Moderate Confidence,9677.283491,5411.849088,6702.870786,54886.78433,13966.87377,26902.5832,14818.95964,7482.692227,10616.76404,30514.71741,38377.21896,19943.32765,24396.52207,21501.92932,18244.73367,45598.67413,41030.44571,66318.16352,27897.99963,21830.58759,15882.12886,55704.05209,86602.65128,42452.02049
Phytanic acid,Moderate Confidence,44389.54883,64689.42803,64536.15251,53255.60385,54527.47672,56933.25213,62054.80196,55807.93287,32079.63292,41711.03619,46684.49842,57419.77426,80936.68966,57578.22687,41068.8203,48014.3978,51066.75909,46242.25148,68897.32167,59804.93927,98038.05559,65084.03273,51589.41083,48225.7322
Porphine,Moderate Confidence,1042259.35,957228.6903,1078014.332,1567848.059,942871.5776,1269753.696,1449055.583,1431994.497,1401425.656,1191269.792,1857530.452,1159950.522,1503871.946,1347206.084,1075353.739,1664951.537,1732534.307,1822146.017,1897504.296,1686060.621,1505561.003,2232680.467,2685002.108,1901193.047
Shikimate-3-phosphate,Moderate Confidence,261680.4036,60047.02651,54419.9685,79592.7445,101591.3118,74901.17809,73766.10187,82764.98856,89877.02765,74966.12969,105883.8461,64468.45309,76117.45934,92921.82743,69859.45158,68660.57585,56863.15912,79213.5657,46513.83213,44079.80613,30046.62089,75696.20731,81289.56191,48569.57321
Turanose,Moderate Confidence,43368.28999,27209.20158,99229.31917,41592.87779,125701.0055,93064.52323,33530.29442,36435.2375,18098.97726,115508.2751,0,326645.8251,73153.62331,102860.2224,54034.73747,64619.09936,52704.76924,75589.58857,49661.39729,27107,9039.363119,98092.04018,180094.4978,149368.4548
Unknown - Carbohydrate 001,Moderate Confidence,47234.13789,85241.90882,68844.46154,106902.7727,92505.27963,130229.3413,254215.4847,265122.9865,209111.2185,228659.3867,325605.6946,354164.0088,33556.78625,17502.19077,38779.88486,62026.67803,18729.96042,45336.54986,35115.04984,35295.41412,9387.535849,11086.77324,312998.6734,238626.9182
Unknown - Carbohydrate 002,Moderate Confidence,116775.5746,135266.1867,179199.0672,178790.7357,61108.72574,70565.03836,99157.20838,136428.6854,141339.7491,86825.61746,141179.0162,79667.85546,93378.79106,94526.40215,22869.02123,87521.04414,48785.62048,77129.95473,42814,39200.65943,1790.613584,136583.4877,229287.6505,94200.17156
Unknown 001,,4582022.252,3324752.987,3835748.257,4902012.38,3139612.68,3858104.628,5591087.889,5994374.159,4898084.159,5333648.532,5511536.398,4019451.257,4202434.599,4291773.06,2977101.219,3218832.797,3826861.958,3531438.817,3978380.768,3531393.29,3246597.644,5752655.723,7153546.485,4968687.481
Unknown 002,,45445.27067,128557.6941,138914.0806,30586.23456,257624.3433,295920.7446,69537.15178,152457.3436,324439.9582,44243.54517,233570.7122,228195.2298,214422.3762,126601.5574,107021.0499,119855.0056,98892.52035,136398.0072,132141.4117,4592.767887,99828.53867,156592.9168,206264.3494,65138.33283
Unknown 003,,229371.3605,266971.9394,55233.30666,165805.7988,36244.18921,159929.8366,128357.7087,508110.3145,167055.2179,167772.4041,613087.947,178664.1715,132812.2953,69549.83561,186805.4792,203814.4187,208934.8398,230560.648,213962.9967,197675.7186,213345.8588,247884.7898,274515.548,231898.7997
Unknown 004,,220143.438,180331.5913,213245.0563,675726.2173,480411.5074,687858.3305,687807.5955,644653.9356,470251.182,654998.7561,594788.881,647257.8706,51933.42664,21842.4185,29388.07635,24179.19421,26840.84008,29918.53468,81796.15772,19121.26392,29647.04764,252741.6635,183063.0725,108652.4185
Unknown 005,,297627.6709,302663.5217,305863.4441,287019.7339,279256.2248,289894.1866,296144.6807,293484.5339,294915.3463,275905.5176,268591.7231,274800.2138,299324.1878,303204.5347,293754.5559,304405.9024,307572.1953,291235.4366,286736.1292,304563.4682,308415.3512,291133.7857,308786.1079,317013.3704
Unknown 006,,84716.56258,120386.1747,93240.32745,70139.23046,77116.58208,78845.50522,84448.45037,71433.06642,90553.24111,82201.18533,87647.9301,84415.25887,77983.29109,88621.26619,89789.14281,90518.29241,75931.52854,79792.94873,84557.2251,85224.06944,88915.36306,27750.93486,84185.26872,84534.44389
Unknown 007,,1137322.656,1101482.27,1168062.935,1102462.463,973651.9662,1072554.463,1096942.564,1110537.556,1131066.207,1078672.286,1129914.625,1061948.117,1110626.799,1138927.547,1060225.255,1098178.175,1136339.58,1145288.659,1113544.748,1044410.505,1118509.358,1173182.398,1242700.024,1124905.776
Unknown 008,,12003.69276,215042.8442,23370.84992,174917.8629,127286.9814,110302.5591,90473.58614,144433.1023,13732.29863,84666.04478,35500.67061,24389.23062,78227.02485,23289.13886,68993.56489,25678.76076,114036.2947,130009.9406,58195.91679,39338.12565,70945.59224,269512.6859,69314.55531,64542.48614
Unknown 009,,202218.5659,1831318.162,349136.0443,330220.0612,223926.6171,232490.0829,290451.1523,306647.8868,325135.5631,228084.0366,201426.6276,251679.7333,195773.1782,194705.8389,177662.4821,334978.497,246904.123,258085.7741,334464.8803,243918.4173,273464.3334,414596.0006,197289.9877,214974.4538
Unknown 010,,1102160.7,879350.9235,1429737.91,3754815.054,1698750.377,2407900.536,2589715.464,4087897.969,3064741.109,4476602.303,10599455.02,4993069.388,1681158.95,1658878.231,1197842.277,4250355.417,3435513.412,4840377.132,5228171.878,3832933.316,3000699.202,11167808.41,13080249.91,11363877.39
Unknown 011,,257142.2411,273861.7193,265433.3082,310336.5314,255607.9311,280241.2432,284270.6985,280789.8886,277512.3529,260859.4309,305430.953,272573.4132,274397.7641,285143.9608,260543.5751,289877.745,272876.8786,322835.4417,308501.7089,284632.8338,273802.3079,373767.756,367151.4001,309652.3918
Unknown 012,,22223.29714,20829.85645,70064.53209,25966.37413,11416.10413,47317.87789,17955.58257,30484.35256,27762.93001,27290.84766,27046.28179,24693.51058,27420.37297,32578.56483,26670.1471,33667.2758,29374.98738,10717.99805,28795.92921,48418.01442,10836.05175,12634.72065,49941.64189,25939.81239
Unknown 013,,272157.7118,2573471.38,252329.9526,268229.8524,4993852,2646878,252782.8424,254702.9312,257929.9213,241033.9088,246562.4458,297874.043,292423.121,282567.3857,234364.4463,281869.7085,4060268,4471471.042,190564.4505,3869951.489,2003663,43112.63009,309511.7623,258164.1905
Unknown 014,,229969.0172,2451324.494,198120.3157,260127.3248,158669.1109,215276.8117,158961.6631,190831.4476,179454.3944,153146.629,200926.1834,169175.5727,214690.1807,199225.5031,175658.0885,192366.2813,87086.46587,74286.98021,183030.7126,1984985.223,77825.27769,230252.7798,219199.6971,183277.5108
Unknown 015,,103156.3464,50729.86256,127809.4892,266427,110893.2171,88524.40965,89288.74647,92824.4548,71839,235865,100894,93814,102575.3666,143371.87,106533.9715,102484.5704,60361.41085,132463.4653,117705.6203,94183.67007,121227.7819,145076.7343,83063.99937,88660
Unknown 016,,27355.82778,57553.21807,101066.975,38378.4958,92496.97491,354100.1607,62122.27477,33792.76064,63208.78721,94639.25515,260340.0509,135698.3429,86945.99868,35350.39683,69126.64975,39318.32215,49645.19809,61346.45806,91975.69675,104159.3566,44295.20113,49666.741,23827.90768,35635.00203
Unknown 017,,30516.67072,33266.5803,17904.84436,56699.78728,23286.02181,39478.73914,41398.82176,50408.76229,28098.41386,16841.80501,80984.9904,84719.98721,33688.73646,58121.91484,38979.92941,40704.54412,44774.46653,40686.15026,34306.25108,40000.72601,27806.24081,30166.30943,65332.73988,30845.55705
Unknown 018,,1444358.661,1464879.049,898049.9389,1412640.471,1296716.385,1566423.559,1359997.291,1363721.203,1371402.393,1160363.759,1320291.545,1177050.115,967012.5533,279171.0469,1093821.343,1104132.454,1663030.694,1716711.856,258213.3872,1570986.59,1534176.207,250731.4853,1734425.623,1283351.626
Unknown 019,,1444358.661,1464879.049,386585.7416,1412640.471,1296716.385,1566423.559,1359997.291,1363721.203,1371402.393,1160363.759,1320291.545,1177050.115,668723.5756,1385727.067,486103.6227,414477.2432,1663030.694,1716711.856,1255827.744,1570986.59,1534176.207,250731.4853,1734425.623,1283351.626
Unknown 020,,102240.2342,112668,82404.81705,138928.4856,176272.6896,122720.9808,637319,90151.55576,82313.05078,133185.5521,127584.5837,1046612.82,129398.8436,181178.1551,131267.091,142091.6725,126739.8607,162633.7331,148829.5751,120263.7368,102980.8602,126178.7963,136448.5172,99620.25272
Unknown 021,,42616.19682,169437.0363,48846.03067,122326.6198,456349.1804,154216.3358,479461.638,80590.33346,80424.54227,130870.0387,94919.30029,111434.5854,494873.2035,525235.235,400898.3581,463377.9902,45102.02,99218.95262,145704.5639,37866.85177,95857.82245,85522.33252,71155.19035,42376.34932
Unknown 022,,1448725.841,1452215.313,1300745.523,1382853.209,1768825.446,1786063.675,1348537.927,1359217.927,1349954.595,1663656.025,1422774.109,1731748.4,1327305.103,1387080.34,1243223.141,1266507.968,1268587.228,1396829.008,1252095.421,1195350.755,1268864.501,1434427.927,1921477.619,1539807.524
Unknown 023,,97686.81463,72157.77273,90071.15741,40557.41697,37861.50751,80554.27669,38154.70196,74149.99369,50042.89233,60695.39098,59760.82467,53114.81381,48638.72634,44985.58508,56864.32509,57430.66323,83029.99052,71253.44165,67919.34321,67373.72439,58138.96476,66075.89018,58462.21383,117615.9068
Unknown 024,,0,0,0,0,0,0,0,0,0,0,0,0,0,0,0,0,0,0,141515.854,135847.6591,118370.8444,0,0,0
Unknown 025,,1307200.247,968103.2183,1056383.471,754815.1112,403620.3753,400936.1575,723759.2831,1441567.631,1053914.108,387643.9286,681437.7405,296541.8043,1889851.577,1994439.247,1718445.942,2229673.255,1332377.41,1770310.584,1274404.161,962386.1402,961941.7825,1564814.116,1169530.065,1300715.837
Unknown 026,,238054.7361,352596.4233,206799.7874,226355.1111,293907.3575,535715.3671,211464.0782,256101.1316,191526.7991,133281.8395,376572.2995,231542.0202,190217.0527,359243.8153,237765.4304,208967.328,475434.5546,590490.8542,295300.1421,304817.3906,495089.1417,303033.4445,314630.4974,306038.5223
Unknown 027,,5700.480526,0,0,30071.39894,33945.16786,90993.11849,0,5867.213225,72585.0674,80883.40344,0,59193.62815,0,91292.8423,53130.64284,120321.5094,100420.086,126040.5084,100544.5758,123872.7389,99677.43623,59771.69493,64067.12518,58050.48122
Unknown 028,,296449.643,197799.097,1654975.323,368018.2086,399354.2445,446514.1135,6739973.168,306143.4453,427160.0572,325573.3554,304965.3992,1098451.743,2012682.652,102864.5046,328712.8823,486940.7225,113081.8016,169070.6015,219041.5942,127767.1852,241313.0516,254255.0531,89558.52006,579180.2175
Unknown 029,,0,0,0,480109.1493,492604.2651,550750.1341,0,0,0,0,0,0,0,0,715710.949,0,572094.0784,0,0,0,581251.8129,0,0,0
Unknown 030,,0,495165.9052,873933.853,0,0,0,0,0,0,0,0,0,1023569.824,0,0,0,0,0,0,0,0,0,0,0
Unknown 031,,0,0,0,0,0,0,0,0,0,0,0,0,0,538574.7653,20778.84279,194263.9763,0,0,391923.9715,134719.7175,0,0,0,0
Unknown 032,,31740.95531,30121.7679,30253.20531,30566.72683,25041.80413,29760.08608,26974.32223,713042.2623,298977.3636,31504.47286,863445.876,2451817.642,1883544.908,30071.77592,2909779.728,29749.0309,1071662.394,27628.58518,28590.40588,27308.01561,30538.23145,1126171.911,30672.41587,26677.87246
Unknown 033,,44348.86326,62862.47321,47751.78098,49423.77208,86532.81182,91022.32581,60088.27624,63967.35187,38162.46269,47472.36891,56557.36308,53583.33248,43907.83379,43552.38245,53526.59513,59129.72955,55595.62001,65538.24994,54938.20222,72024.50153,67941.79368,62650.1136,73377.48664,81447.21662
Unknown 034,,284660.6802,394712.4277,451975.703,961443.3589,1104586.089,927379.761,589265.0105,566803.6975,552405.1693,939006.12,1148558.213,1072702.784,1670129.445,1880173.325,1047369.755,1455520.525,1079379.197,1930062.155,1067714.082,903941.6514,753613.1692,1293288.94,1188270.202,1263517.645
Unknown 035,,45870.44634,40239.4636,24200.25167,29366.67166,469199.5923,93367.46727,19049.31654,45420.73878,20470.75586,18742.46854,417880.1948,17129.9598,490128.8357,85708.07412,33633.34565,45602.45028,373868.0164,166850.2036,22005.33136,17705.43345,21185.06079,180979.7622,42556.83284,365457.4496
Unknown 036,,55736.35026,55501.884,57047.06147,116887.1393,77515.00856,83436.12566,106103.4453,120350.4433,113095.5995,198835.7172,185831.7931,160264.3734,73675.12768,58955.23444,50070.45692,114094.7586,86363.13823,102545.089,104495.1849,83126.9803,78793.15409,183816.4492,257549.0175,274794.67
Unknown 037,,33187.36989,90527.61124,45851.97457,68830.50137,7182.727051,95018.79963,71665.94021,0,71466.94248,75611.80184,68562.05819,68060.69555,70802.18627,70038.63218,67500.74334,75131.03163,83064.9741,76608.07078,74042.76571,68619.02068,108851.6993,74651.86704,82602.7398,71187.88292
Unknown 038,,65524.82398,93253.20362,91163.69047,73154.71142,102163.2261,187238.8264,172814.3037,219622.0208,196153.3535,163608.8147,137101.5805,128659.4462,90654.32356,103987.1004,91271.10377,149987.7893,108115.2927,102941.0632,93855.11004,80514.83008,90876.13046,122968.9437,111955.1071,116436.9943
Unknown 039,,96475.93557,96641.32162,183764.1176,251577.4471,100888.6364,78135.32261,702002.646,85220.30882,48082.77112,47215.19276,153846.4012,42572.45831,268030.059,159709.6178,112005.6875,140060.885,230047.3461,299469.4918,237983.1538,181506.7694,2854.939176,143015.8792,235716.6202,354523.0815
Unknown 040,,668757.976,29870.83788,791233.8463,376356,64325.47959,268602.7424,2699024.436,1167365,2573424,27882.06281,1167245.35,1873455.216,36541.9747,21678.99003,22499.11258,20122.5158,19381.0709,32282.77769,1564250,34852.14039,32626.89192,172864,38212.05118,1632012.588
Unknown 041,,111866.7405,47607.11521,118583.4721,51300.35567,0,113.5132702,141669.2163,83764.10884,241895.7701,99102.59971,0,164837.7885,272045.2425,0,147127.5869,17560.17351,0,93378.23229,176032.2658,104753.9986,61318.14913,0,91146.10621,474627.5503
Unknown 042,,42455.98123,44487.80936,57550.19604,18868.82758,29121.45449,48002.25298,45587.15756,47883.88887,108674.5854,49910.29974,50939.09331,100596.8211,16177.09605,50454.41418,49008.61717,87476.57994,61967.66874,56504.28832,95456.64533,27802.87875,55495.15041,50631.85898,56793.18387,59457.96184
Unknown 043,,163143.2691,44009.64168,163783.6367,556078.122,422835.7167,567431.1819,116021.9052,189555.7043,151205.7342,443588.2132,495180.117,465624.3063,250746.8867,485107.7669,284013.7709,572171.9315,516569.4742,717897.3332,418559.8805,311277.6524,432024.0352,549007.2934,509074.9354,488032.1449
Unknown 044,,163603.9144,86852.79474,157674.3118,496790.1373,344314.5607,614494.2656,135373.9838,217001.1452,174128.1168,494039.1078,582802.9202,527180.5142,315976.0363,635736.8166,365140.5984,620415.8325,605708.2428,851244.2283,552038.5824,392885.2895,546589.622,644773.8254,642536.3442,626170.1826
Unknown 045,,0,5247.763801,0,0,13285.74997,8929.022385,29357.35115,22021,0,0,87683.97751,20692.05869,0,23373.52442,0,69555.50016,54253.038,50572.23709,79884.39003,72560.25901,59469.14041,211167.1004,219653.9034,137118.3364
Unknown 046,,0,0,0,134480.2794,294393.9203,303090.7868,262412.2781,128012.0777,132745.3559,126434.4975,176998.5702,156547.7234,233287.6863,253790.2905,211900.5448,275946.7988,234021.8288,342925.6047,314986.5483,242726.652,232376.6229,225090.8352,223488.3787,130395.5181
Unknown 047,,91640.08415,0,76610.60054,0,0,0,0,0,0,79847.00598,107985.0987,56869.48081,0,0,0,280808.7453,0,0,0,0,0,0,0,0
Unknown 048,,289995.9171,264528.3614,336659.8934,109365.0623,108435.6544,246087.633,270042.2837,217414.8989,106814.8061,108579.8026,85840.39247,100210.8117,28534.92065,54599.13073,69215.60818,88707.15395,42867.87591,79499.08087,29399.4551,46836.26635,97332.23424,73763.90418,51719.11168,58616.72071
Unknown 049,,20122.12609,32104.55433,37090.67626,29078.91697,387.3689608,9842.140849,27621.46329,38466.69461,4365.168291,1598.065288,2298.850735,1323.314899,4460.118129,12707.22066,3803.596595,50521.73658,4064.593149,60508.11983,61552.12211,57402.88508,33618.27257,61249.82214,57363.75699,41872.44436
Unknown 050,,351320,418727.6311,340952.5645,69239.47424,30618.68327,143730.0077,57268.74624,263875.2298,58303.85061,96302.07866,382690.1881,175714.9092,170686.7941,304700,185400,59531.64524,105666.4451,235409,191388.2116,233852,183219,322273.0932,366559.7425,205716.2527
Unknown 051,,72079.99823,153645.2588,367972.6791,77401.46215,224943.9253,146188.0091,94926.10635,303299.2756,81154.54883,264795.0847,304549.9354,353846.7264,21112.87989,68779.83263,44123.33545,46597.72518,221532.3611,108044.0001,80697.16083,218227.7181,156522.9942,329930.6948,385272.5779,381578.4367
Unknown 052,,32498.38709,43567.75808,21346.52109,26902.76197,73043.20449,41605.10869,55158.28701,0,7795.996639,25941.56341,18522.72934,0,3241.129165,32878.29551,23432.76633,26077.03858,49371.69612,36015.20646,35540.41595,31194.4829,51435.74922,43893.01689,43276.86086,36867.68077
Unknown 053,,0,33889.93015,35712.06657,27207.03171,167317.2546,14399.15156,188845.314,62596.66334,185057.4453,146719.3014,275189.5541,239914.0138,20626.34047,110844.5342,85676.43619,132554.9499,487329.9029,222905.953,84941.02787,114326.4743,112957.6191,283749.6864,300183.197,157383.771
Unknown 054,,1200051.731,936822.7111,915219.9903,85788.74688,44520.1094,69098.68367,525586.2912,806234.6489,1040746.202,110386.1481,165570.6245,123773.8359,100123.4855,156299.032,101147.478,63650.3466,53709.25799,66786.98766,106278.7668,136295.506,153801.6652,364895.4389,350611.2012,223790.9106
Unknown 055,,1411369.646,1097617.918,1071518.743,49482.42485,45074.88457,62519.87269,595936.0259,924041.7194,1204249.438,109500.6882,172014.9622,129486.8417,104020.9492,164247.5925,103307.2306,35600.00812,29965.77067,49788.21077,93298.23924,110954.4709,141882.0667,400269.9761,378160.8896,246217.7758
Unknown 056,,273754.3573,333617.0451,125230.6757,277227.331,242440.1916,264367.1608,155212.6848,230875.6608,115220.7176,196001.7848,221904.137,97604.48856,360444.3962,320802.7498,113890.7003,98390.93076,181498.2864,267081.5317,290083.2584,211780.1965,149832.1559,320590.071,237790.8418,273607.6604
Unknown 057,,589506.1413,810825.1162,395141.4255,171809.796,596761.7467,405461.2388,305056.4068,351707.78,301226.8246,299279.343,251004.6815,190608.1851,630024.1025,552409.9871,559078.4869,115160.294,263248.2666,627708.6787,551876.0564,426233.5329,269559.5515,355949.1984,343249.432,305603.303
Unknown 058,,71022.41879,86442.74026,74728.0248,74214.85388,89172.27726,88804.48251,70517.19217,44318.34458,65992.12706,62603.25062,57192.22532,76982.40012,53954.6278,68899.65468,56335.55978,64103.10976,64778.64079,65821.29805,68480.08654,85960.78258,61953.31258,63575.19794,67265.06007,55048.8667
Unknown 059,,285147.081,92565.03913,85048.71784,174020.7181,78622.31386,105652.9997,141084.3151,184511.8188,261385.4745,81929.98235,126016.0511,51807.94936,223883,228158,68832.3225,114862.8657,163856.9614,254774.532,211436.2238,151896,114333,186190.0878,139068.7258,88092.01282
Unknown 060,,10384705.12,281670.6136,11851164.59,514043.9311,240221.0917,291525.1709,30419404.24,14075680.71,29618248.07,7697785.921,263978.3271,29167182.22,104520.3825,80141.93123,133847.4331,108895.0662,134717.4871,201605.4539,51353.73213,63230.49675,45391.20609,455623.6587,398319.9413,22970709.57
Unknown 061,,196439.1191,123839.1881,233092.4892,274339.1898,184749.4644,236466.3337,1106065.982,1140891.939,1040275.24,1458594.467,1214894.58,793484.4309,435800.5193,230695.0835,294062.5294,93262.60901,179080.833,157870.6893,218786.3028,171482.7595,181707.2761,1022308.133,1056329.165,746962.3086
Unknown 062,,229691.9676,239752.7872,176244.3068,300510,95299.45649,169343.5148,827537.3082,340640.3091,299193.7579,159911.8989,156938.6591,142210.0894,215150.1274,198774.668,120897.0256,195278.718,131866.4076,200194.2292,210720.1515,122916.923,104719.7758,211979.91,210320.1515,191448.0939
Unknown 063,,38440.33581,118431.2546,163601.802,892213.1069,129679.6566,137207.795,113771.913,138578.6588,764576.4342,114169.7547,127597.2331,56088.52787,285032.6978,408145.919,208206.7422,120104.3127,451455.6003,185488.7869,195414.2298,158331.7367,247738.726,144848.1012,119090.9991,207231.4881
Unknown 064,,55442.23296,52543.28857,114793.911,24271.31308,378570.7409,408168,53803.60539,25183.32749,0,46506.61288,132521.9876,45059.7394,146021.1878,332955.0913,22159.09546,60379.43214,189824.7488,79830.88244,75525.35871,219791.3421,312782.5996,130797.6738,138491.3542,116874.3646
Unknown 065,,20176.01001,27784.33305,17909.70671,65765.29712,51979.28692,57540.60101,34117.24319,25132.40717,31295.11642,62628.33957,79649.80478,66048.82925,3897.407534,67740.828,44404.51562,68208.54984,62667.8927,101055.0378,55639.98591,45857.59857,38580.17483,89366.26702,111211.4743,62164.36324
Unknown 066,,831582.769,979662.6962,1243573.048,3225665.14,3348092.616,4058724.928,3527984.768,3106751.962,3895990.395,7084713.747,6136009.677,9171385.571,599433.0361,1134922.194,690251.5858,1512504.968,1169648.127,2060832.06,0,908929.1355,755768.2701,6305131.44,5317231.863,5693198.268
Unknown 067,,574418.8821,695055.7918,939667.7781,1169817.057,1119347.738,1520807.66,1308807.871,87979.68458,1313045.93,2369244.997,218312.4422,557004.3741,173760.8057,4152.132511,755.2758174,198104.7374,166828.9792,471085.109,0,289000.1545,6638.67441,279046.3046,694370.5748,343632.8854
Unknown 068,,39442.8676,57201.04087,68232.65738,61050.6357,62156.9085,91599.19907,85157.2118,50173.70798,88963.69755,81296.6076,70466.09609,70161.44234,47884.67633,43155.35931,46756.68782,51357.58873,40995.61461,48413.00678,50596.13246,44824.65151,37952.09692,80357.21591,71869.12946,52308.28583
Unknown 069,,452866.0302,453434.0636,588072.5547,276185.3983,252441.548,230632.2388,228975.9416,209160.8206,236093.3772,685471.8079,473226.1964,446567.5473,56075.37202,268207.142,142182.5813,649867.3997,425836.2915,524321.7269,432632.9564,224947.9602,230556.3184,340281.0428,314669.0326,292111.5717
Unknown 070,,0,2259281.042,1638449.817,0,0,121928.9996,0,0,0,0,0,0,0,0,0,0,24239.06043,355177.7793,0,0,0,0,0,0
Unknown 071,,404940.0699,273029.3204,340198.6026,196190.4463,144373.1009,168852.8316,151180.7033,180530.2932,162058.6759,111417.0999,175560.2542,22947.32252,65025.77686,64396.38865,101851.9404,84580.50579,60491.08678,96493.7178,87139.55017,71795.91275,49812.15047,97126.13526,80337.96591,71837.38775
Unknown 072,,271196.2468,360014.065,369738.6318,282376.7943,260125.7513,289265.8471,196946.1952,226608.9489,204457.0222,210228.9898,202173.8317,172827.2928,247058.824,240234.3527,187075.5705,244823.8466,225828.9855,217156.8208,295957.6182,240296.2984,237793.6409,280210.7343,272165.8896,275547.4828
Unknown 073,,0,0,0,0,0,0,0,0,0,0,0,0,0,0,0,0,0,0,0,0,0,0,0,0
Unknown 074,,162464.8201,237168.2357,264051.855,120701.7137,67016.88347,95837.38421,198698.3224,339097.6048,220774.717,49877.61713,42270.86347,38552.16505,189361.8032,246203.956,107955.7375,109038.6497,107863.9175,139759.2744,155510.8852,126139.2389,115743.613,244319.7727,259813.0072,170116.0414
Unknown 075,,0,4205.47876,0,5855.890077,18722.03124,17698.12139,466253.3561,461234.6523,492752.8546,471762.3791,358889.5922,461461.6351,0,0,114684.1311,357594.5454,273288.48,380589.4735,134857.207,88472.19989,83297.89859,352947.8837,356844.5119,271849.3989
Unknown 076,,462550.6092,530885.8291,729327.5407,507912.8458,390108.8894,606444.6241,126836.1406,200192.3901,122764.2527,0,8851.820132,6526.59489,240772.7419,253851.564,176137.2093,91804.7045,81785.02105,142667.7067,224713.2036,185144.7381,164982.9587,99529.48819,87242.78639,74540.78317
Unknown 077,,36706.79596,19087.06052,25468.01629,27555.87182,37286.96318,40638.05686,59554.7091,62420.80297,45957.82626,22386,31157.45364,42540.68769,26437.11322,38355.49867,24208.46413,21836.7909,49500.65229,72643.06798,28440.24948,20956.64956,56936.66889,34461.52456,26351.4471,46774.51584
Unknown 078,,435291.1008,458397.1723,558178.6771,114883.9252,35890.80179,68686.60755,308926.4004,387640.1349,215361.4726,27130.18657,42097.38183,13882.76286,129484.4685,245878.9728,171835.8716,143121.3871,92283.17136,117960.6894,195593.2277,96938.1723,165912.6188,119719.1492,88066.71751,116819.3861
Unknown 079,,187295.6738,245207.1766,282056.7295,53436.27188,117343.1572,68798.18567,190090.325,268245.8136,223494.3918,80359.87406,108833.4002,104013.6166,88575.83605,115286.7655,77864.97765,111881.6835,87551.54051,125572.4159,98402.72009,68678.51271,75360.56812,163071.7687,179776.3718,131869.1266
Unknown 080,,19098.8219,15479.67858,9976.651901,0,8927.257624,11076.15816,25133.66255,30812.03869,42023.12545,64741.99577,70916.90754,84791.66341,8989.019971,48417.22542,46004.10459,30604.64929,58598.03082,0,48041.29794,55809.58534,37791.99513,73448.30678,42560.07831,50501.99048
Unknown 081,,40704.22807,1139376.736,1217215.514,2484147.14,3565582.528,2745618.541,11152425.63,11043235.35,10698498.43,8445825.979,9205906.398,8980733.272,1864370.745,1645761.922,965264.0683,948437.5468,943804.3446,1545072.195,846839.6691,610253.9389,525358.085,749676.6084,10510274.72,8221871.538
Unknown 082,,571479.9573,700525.2438,747244.1678,792179.2247,1020009.9,1076461.898,713269.0259,598884.1629,270653.1653,678689.4088,3400443.464,917964.5795,299533.1184,330398.5668,225856.5384,428314.2133,366713.8359,459395.7508,294047.5695,260251.8692,267596.7277,3579002.655,3983392.494,851590.6962
Unknown 083,,757185.2237,1621848.974,1010288.504,1277736.992,1334350.221,1675650.951,11323770.71,11156315.06,14313683.05,8122602.548,862519.2945,8820480.674,297835.8859,490661.3227,333652.8149,665386.9483,412013.4877,561053.0315,484096.6096,407925.858,414549.9006,763924.0689,647367.2593,8344129.562
Unknown 084,,358423.4439,438459.5173,6608359.9,387085.6411,357228.3741,331264.6631,1576315.503,163459.118,99060.55355,29890.18893,67830.88661,23926.88651,237416.5947,180169.0227,378178.0875,464128.1223,455738.6769,548031.7615,507187.8009,447759.1622,405632.4947,68852.85984,1136544.099,855274.8242
Unknown 085,,4343728.146,5543642.007,7814496.869,618503.4969,9077.375639,296221.5038,1677452.958,3782054.564,2641178.988,35251.07533,36939.32485,38238.94331,1370777.997,1896826.544,798446.7958,516087.8222,286720.3539,583494.7166,1254760.097,761284.0145,659921.3315,907134.7504,974550.233,856963.3163
Unknown 086,,165973.008,199764.747,287838.8625,45976.37398,43318.97965,33151.10385,2237546.6,2277218.455,2199111.794,1725162.853,2022358.545,1884387.097,53748.69636,77785.55139,34360.3458,1014764.551,808744.8582,1049054.539,574037.7605,462529.0917,431698.1849,2188931.969,2380961.423,1837438.98
Unknown 087,,117553.0389,154389.2392,211286.4676,17715.70219,66366.77798,5149.283348,89710.16007,76276.69176,89213.5202,33802.70108,37706.31928,37423.86471,63373.7171,57227.11591,45106.54016,38171.70543,31510.53406,63005.68106,69300.3704,63667.19899,42596.95086,67211.13728,69300.48104,61977.55284
Unknown 088,,0,8660.061501,0,10058.11129,15044.53932,0,54471.49729,74003.50084,72104.78707,69377.58699,85738.1225,60127.10431,0,0,0,47519.17987,56999.78086,66066.0267,23792.15497,21200.44746,17602.27643,77139.21558,77175.87426,45305.39707
Unknown 089,,483321.6835,542550.6841,994627.5745,639038.9317,244268.4404,309583.0911,550338.2762,494839.338,535765.4293,136310.8523,270981.6374,36260.07137,314615.8856,267779.9377,227676.5679,299136.5723,46633.60112,271003.288,61024.96803,100934.4499,105466.8717,231359.4063,41124.00952,81075.64849
Unknown 090,,15497990.21,22737528.45,25462328.85,4252489.074,2362301.944,3703965.522,10951667.9,17551075.79,13314357.66,347124.0229,461714.8676,355965.1269,9064193.805,10778350.27,164286.0106,5097520.291,4188603.026,6508519.623,8240044.762,5332805.48,357138.3922,6537112.379,6265273.226,4952057.711
Unknown 091,,6863622.846,10140212.14,11361425.33,351063.4686,125792.4513,229972.7877,4158886.617,7688876.287,5104407.369,217316.536,258215.0243,180791.3714,3638525.492,4528911.146,2729382.365,185733.9465,210414.6172,160167.5174,3321310.96,2284596.48,104647.9776,312797.4248,236733.0659,233512.4213
Unknown 092,,125043.7394,265502.824,469338.7359,206263.5085,193825.068,191635.3897,93045.36147,187880.6848,113884.4164,301052.4787,247678.8744,206052.7391,223316.7918,99511.54426,167834.2907,192681.1589,192461.4278,307128.9217,222728.6572,189592.9239,223942.0101,264716.1092,244194.3046,246957.7955
Unknown 093,,0,0,0,1174424.506,1199517.325,1058506.796,0,0,0,0,0,70101.56981,0,0,0,0,0,0,0,0,0,0,0,0
Unknown 094,,6023699.842,91991.61697,10009838.99,1491311.659,776475.1349,1302965.989,79244.81443,122052.1634,81108.53996,33205.23035,89306.09435,49746.74584,177555.1244,209064.7978,229441.7481,139185.5053,76049.87532,312927.593,333789.9992,300213.7225,188122.2903,246057.7434,205286.427,194923.172
Unknown 095,,0,143868.4341,0,0,0,0,0,0,0,34930,0,0,0,0,0,0,0,0,0,0,0,0,0,0
Unknown 096,,133435.464,146735.0837,122723.8207,359668.1297,82840.51265,197681.8586,287213.6531,557804.7702,387281.0391,173936.4059,535062.576,133923.0634,56420.76769,79017.87739,56265.97356,106051.8601,70127.95531,106377.4154,0,38614.06352,34445.26081,422120.0717,577734.1252,374626.1741
Unknown 097,,116427.6156,152132.1683,181707.0828,74189.79661,236285.8724,259654.9662,87101.51814,96671.69038,80876.48974,34130.15947,28822.13901,15361.48214,634036.5396,507206.4752,410647.1818,447066.8073,365532.2939,461253.7449,454804.724,375186.2192,305313.6009,176517.2059,92031.16355,65956.29979
Unknown 098,,26935.5527,29087.37945,19530.64651,229339.2115,217374.5906,293515.8057,19589.87002,24493.44963,535304,151866.849,183473.4426,154151.7617,29089.84514,174128.2053,141780.2961,163932.9441,35425.7765,219212.4765,46999.16215,22067.75864,22586.38439,28500.99682,217486.9871,33686.27092
Unknown 099,,926169.4952,1083207.089,1180192.562,915710.8579,737632.7163,906133.9336,1628916.103,1604046.078,1538196.355,1534138.337,1314443.863,1197289.8,1533279.993,1908516.781,1391732.27,1047360.803,912762.3621,1394920.616,947742.4074,696254.6372,603900.7969,1176614.392,1088571.755,879629.4044
Unknown 100,,2298964.276,2312029.074,2748133.327,1436736.193,1247228.714,1345317.374,1543663.418,1451926.965,1620485.518,783500.8357,527077.6133,590935.5543,1975302.661,1959322.452,2031167.36,2158690.748,1356521.982,1786506.364,1356495.929,928848.203,928019.3787,468870.3178,422833.4897,349447.1756
Unknown 101,,1171406.355,521125.5076,513436.5166,624576.4451,560903.884,771380.97,759298.9224,1029350.892,776310.0874,760448.805,1053152.857,1014285.018,837257.8293,1113277.143,737472.0046,1311590.667,1193629.359,1669047.033,1645376.379,1410415.054,1425909.577,2389346.657,2053392.729,2324839.557
Unknown 102,,17414.37296,28105.50554,39715.80318,27846.8108,29055.55894,3777.404507,22439.41898,23137.34815,18074.91999,34450.75068,69666.25033,28490.00776,0,8898.440161,22093.31849,11109.48499,734.9024776,0,6632.96563,9413.843638,8602.49247,25961.60401,45910.62254,53252.02089
Unknown 103,,66924.83321,71814.93519,89121.5026,99548.11533,40975.35749,52284.23865,59812.90565,1194511.03,74494.73048,765036.9115,207103.8447,78144.34083,358698.1227,312582.7889,184298.0518,363235.8112,329623.4406,403864.566,579672.5779,320341.8176,292023.604,244098.9645,288894.382,255359.081
Unknown 104,,351056.1831,453093.0485,561208.8654,426832.0696,475288.9556,521742.1702,329126.0492,389559.0634,423543.7915,501371.6853,728723.6465,516960.8962,454144.1892,467050.2314,277623.0418,538078.1803,479898.404,592304.2217,359879.8802,311607.6726,286818.3033,737933.5861,679323.3174,653388.4929
Unknown 105,,130378.6704,139106.6592,144737.6,438458.5458,42786.89072,136676.7853,123861.628,241651.4555,164411.5122,72476.79113,253181.624,24561.08883,134574.5982,144250.2035,106802.683,181326.5651,123777.9279,148270.913,55697.11062,48846.3253,31085.42004,239717.4684,357582.6172,208308.821
Unknown 106,,121377.8307,260846.4742,229205.7966,315362.2232,50719.6575,94704.2858,0,169463.2594,110177.7884,0,0,54662.04979,213714.038,254373.2635,141958.3038,0,0,468127.8456,168082.5973,108076.3482,97032.56308,0,118376.3141,103727.62
Unknown 107,,97101.28032,98477.91095,166188.0056,85041.31935,66739.89243,61479.79365,147870.6174,128628.7099,144884.7985,118215.1674,103932.7009,117954.0375,180714.7839,188256.0095,122219.7265,120307.9582,124986.7098,133745.4129,115912.9998,93390.80413,96225.20874,124405.3396,99010.6905,53570.70905
Unknown 108,,138879.0874,139945.3977,216441.2827,91608.29775,58862.40189,70510.46296,195333.5329,171850.5651,189136.6639,123949.151,56708.43028,135571.0798,229346.8083,237566.7658,157424.1766,138032.6742,153428.7712,151082.7359,152830.2032,119483.993,126187.1803,93784.7939,77786.36977,78423.99934
Unknown 109,,0,0,0,1525573.725,2645339.099,1349929.703,2102528.874,1248192.288,1287247.286,0,0,0,0,0,0,0,0,0,0,0,0,0,0,0
Unknown 110,,271259.1224,338517.0058,337884.243,276260.3325,290425.1347,314290.9146,296671,251039,2557039.066,2075580.257,1347916.44,303686.9555,249011.1728,265667.8763,196637.2086,110082.2457,84906.26261,125742.2152,181279.56,108072.7831,62412.42485,1552295.366,1980547.484,1772084.269
Unknown 111,,8303.67229,9453.218643,11511.64001,0,16454.07188,0,179355.9287,47459.40202,3335888.201,27954.96411,1656181.472,250355.2068,0,0,0,0,0,0,0,0,0,1909002.688,2519819.9,2246108.424
Unknown 112,,280748.8035,376003.1644,391457.0263,281769.0574,293090.772,296649.3184,255775.0012,133230.6972,2611236.903,233517.5341,223983.8553,238231.5383,41551.34753,88132.38252,10545.79307,80720.83635,105595.8287,117713.4647,126080.3491,91088.35396,99259.33644,260369.8499,363008.8593,271737.5722
Unknown 113,,89636.60906,124813.0775,129761.0462,398606.2247,381987.9706,400532.8237,71294.37978,75633.2623,56534.90302,60167.17263,68615.20573,60521.70626,15331.08911,26569.68368,12736.51618,26039.24488,25904.25115,33223.23092,35922.0269,25786.1986,24584.36409,33411.99399,21410.64917,25543.53315
Unknown 114,,158968.9411,189630.3402,215351.6703,258476.3822,226223.3603,208763.7053,13824.07195,25338.00426,0,63031.03322,40883.81376,30965.15507,78414.45503,110651.9129,60730.84541,33283.29253,11396.06494,45110.78059,28367.7098,9023.610168,2304.869247,751.7288716,24410.81642,28799.77579
Unknown 115,,54188.13335,52648.15203,56310.98898,58075.95372,47951.10427,65120.74812,28070.63627,30302.70674,0,51232.1402,46856.63323,41133.52492,17442.50011,71677.97089,14431.82203,33283.29253,11765.85529,23732.39338,38886.3533,13162.41807,2304.869247,24675.25642,34099.96211,16998.13472
Unknown 116,,172049.0988,203358.0076,261684.804,248359.7845,104603.8838,203664.105,172056.044,261700.0568,232952.4064,229024.6825,407230.5914,247307.938,315498.4702,331813.036,198988.2261,641129.7386,458531.7548,733229.0974,592328.728,435372.0002,385472.9537,803188.9546,678819.6794,656678.1207
Unknown 117,,548934.415,592065.0735,628723.5393,695677.893,424746.2246,631035.2822,924806.8045,1023789.68,1000741.286,594892.4918,971152.645,786426.8859,452427.9927,429414.9793,356875.4418,397922.3284,348136.4031,363120.5822,376187.1321,308813.6489,263713.6402,946840.888,891766.4754,733657.0277
Unknown 118,,102705.0277,83171.25419,173782.1465,57344.59098,30704.3185,131596.1743,50086.07743,118956.9446,88295.71676,87594.73924,156706.294,93401.37534,156807.4852,145660.9484,91877.91001,254626.6775,189950.2339,279989.5268,251736.8612,185525.823,159754.3045,289929.457,278513.9958,252560.1744
Unknown 119,,96098.49661,93653.36822,150518.8083,115794.0741,126589.3891,34536.33017,28625.85316,57476.84312,48835.69824,76959.41744,226055.7815,54257.19136,222950.5079,150772.957,88270.33698,518009.763,369258.4272,629886.9054,467496.132,347863.6234,237892.2561,417496.8743,398865.4666,353253.4123
Unknown 120,,0,0,0,0,0,0,97959.07341,0,0,0,269114.3858,251570.9227,0,0,0,0,0,0,0,0,0,366272.6979,254310.4919,318676.9576
Unknown 121,,245009.0379,181384.7645,172850.9337,151923.7232,170775.4843,142149.0565,291458.2868,309778.4289,341480.2825,187909.3971,186643.6647,170749.486,474766.9378,498068.8453,356066.8969,355992.1375,306258.0055,420516.3372,207067.6474,185366.228,127180.3877,374470.297,336321.9563,272696.2274
Unknown 122,,2906.982439,8825.669768,6280.584794,12962.05329,16948.94725,0,196596.9714,238214.9062,208469.6716,148670.3345,252730.6164,149902.4537,14288.69192,34907.27443,7323.110275,141500.6056,104256.6858,162844.6502,52793.20126,41531.78308,31440.57695,255369.6049,233750.0518,189527.9639
Unknown 123,,162931.5385,155955.0954,211594.1745,292408.2053,175344.2052,224760.9254,181619.722,137357.5947,160115.2896,222864.4493,135302.1312,150794.5675,139710.8298,190211.3441,145004.5122,178787.1561,149049.098,279266.9512,93855.15012,64532.31244,43459.14088,94600.77358,121524.5299,82286.05124
Unknown 124,,68366.72484,94620.54646,92713.26554,263747.3366,278751.9153,246621.2844,189854.4016,137939.887,145998.4952,159073.8235,125680.3167,146778.6064,71927.97588,110816.5362,57136.61089,37603.3812,32373.78427,42385.17555,13281.68568,4902.776022,3499.995468,105411.2773,126506.1388,95176.5098
Unknown 125,,389382.582,562086.1814,656059.6763,209440,15577.11534,159136.6035,97944.26761,33460.30928,39080.24321,46486.58002,44131.63309,100124.1753,263506,281374,119326,47987.05828,124827.9153,66182.00529,104292.9642,46503.24482,19055.90135,127886.5671,144127.5319,103170.229
Unknown 126,,0,197895.6733,0,219609.8486,0,0,0,0,0,0,0,0,257532.3297,295671.9442,194525.221,0,0,164413.0419,0,0,0,0,0,0
Unknown 127,,148197.7598,367308.8355,300011.802,235701.3708,15577.11534,181847.1234,127385.7678,267533.6685,147242.2959,166252.1041,78979.46914,120165.1205,154188.5048,165559.5666,116102.3249,178913.4025,161618.4693,127221.8107,143611.4819,89056.49069,20806.40425,174540.043,299614.2983,63650.46308
Unknown 128,,107797.2498,96194.34715,183302.0353,36815.81305,25448.50591,33721.01164,132845.2286,200652.8473,123448.8021,143381.9332,80491.57878,98633.01501,271993.336,200728.6086,183712.422,190191.2382,164535.7249,208772.6494,240006.4601,194857.2513,142594.3123,166244.8119,156433.5161,107671.1507
Unknown 129,,161541.4592,137812.1473,165184.8331,108707.6262,95667.31279,109305.7527,128817.7455,117774.0376,93342.44024,94657.25612,72027.6674,127008.1266,104922.061,98493.78923,114851.5472,80774.16272,82438.79426,81524.80264,128602.9081,75162.6589,79298.26573,95978.22433,100140.9066,74147.23173
Unknown 130,,44406.67454,61469.72986,84475.05515,68968.2512,67046.67685,93812.63711,97132.66671,72219.8632,123119.949,92595.90423,114290.3892,99243.46058,68466.55763,69021.55122,24388.10092,54352.50324,0,62263.29776,60231.34355,0,0,108305.5549,119921.6038,92037.25104
Unknown 131,,51342.04368,156570.8204,221927.942,376473.3237,252226.3217,269503.7318,85028.47214,61936.00035,45304.84468,180192.203,35376.13574,34445.72232,237609.2709,223653.699,81148.11142,673481.1561,591499.3334,942822.2808,222158.745,173239.3221,106708.5099,71606.06262,208866.0923,35410.5264
Unknown 132,,59567.64362,0,244972.0506,0,0,0,0,0,0,0,0,0,0,0,0,775480.6384,687298.1968,1090805.989,0,0,0,0,0,0
Unknown 133,,29739.98231,35406.85227,37301.95816,0,0,24437.58596,84458.34947,62658.81255,87924.40964,43215.06578,77998.08729,67889.80251,0,0,20065.21877,65147.47237,38260.93046,38486.85949,63741.36421,49546.6627,2350.370946,96666.89588,85443.64907,82850.90795
Unknown 134,,13752.88021,19457.296,24774.9744,97982.60673,54471.72826,84587,17483.901,25816.47992,17590.79077,17300.46216,22415.33526,20478.18655,23459.63661,25076.37877,35149.94306,46596.11134,32964,33017.4683,48608.17588,39516.06489,27688.72939,22972.50648,27240.14315,33525.83786
Unknown 135,,53645.20428,38772.86438,78971.67238,28766.06822,168651,218478.7277,68460.67743,123083.3166,63531.2461,47239.06778,194815.3098,105671.9693,73349.42602,58393.26306,125688.5789,127973.2873,77863.31622,93588.55033,86843.20566,74404.31954,50913.93592,211610.013,221042.3174,105160.2414
Unknown 136,,187233.2386,207662.0951,227142.657,329906.4064,199940.3125,232085.3113,234965.9877,316896.2807,243518.0249,234385.3055,294383.8885,189287.7307,66980.49833,92009.88947,82101.85409,513641.2736,439877.4667,595321.8095,95324.42199,57126.62447,76978.77109,414080.6286,371598.0379,317152.9809
Unknown 137,,115361.1113,133787.6668,132077.8991,222863.3532,132046.0193,144441.4843,137972.9153,93205.27549,132989.1103,79743.87865,174059.3808,81003.87292,16078.30236,18878.02964,38868.55676,17458.51452,11662.45222,21636.48845,37758.09424,23801.27962,0,209236.7202,175562.3332,167160.5259
Unknown 138,,129241.3166,133454.2432,138327.0672,144300.7935,129354.5024,145372.0343,0,0,0,0,0,0,0,0,0,0,0,0,0,0,0,0,0,0
Unknown 139,,36936.04143,41247.70622,46272.79698,1662987.23,728511.4117,676621.1148,0,0,0,0,0,0,0,0,0,0,0,0,0,0,0,0,0,0
Unknown 140,,2425309.253,1902939.592,1706710.164,1493541.468,1950392.448,1383776.194,1189832.93,1140677.003,1137357.957,1149056.437,986654.8467,733520.5898,64809.78215,135597.4722,290485.7945,184843.9959,74812.21585,106615.4956,45267.75817,58505.73098,53698.18138,203742.564,206273.1118,202121.8019
Unknown 141,,3755368.646,3740861.614,4490163.553,2329456.925,2081005.029,2300746.021,1647490.959,1864399.731,1910848.056,2102615.733,1482499.441,1407585.171,2685505.284,2491153.169,2323027.25,2512546.311,1906229.214,2627348.834,1934483.604,1411254.12,1230007.971,1722479.396,1621969.031,1076819.531
Unknown 142,,21864.59723,20175.28058,10755.19265,59850.96327,5957.869679,21737.86702,50675.68739,39722.38581,68724.53215,15950.96188,194277.3821,10367.76101,40926.01038,35283.73186,33515.43907,36249.50806,19546.17037,47121.06604,34260.93652,27924.80837,27396.16807,264746.8784,172524.9815,252533.0631
Unknown 143,,98766.01473,44277.59406,191602,202912.4373,90612.83668,77747.89527,52402.41414,159743,128049,51534.95327,330302.5708,127301.8249,104236.6336,110367.5708,94199.4622,160717.3069,38356.61869,168860.3277,104361.7151,93784.14472,39224.58348,220939.0868,289424.482,339273.7796
Unknown 144,,220669.1025,169794.8455,188146.9033,121178.0815,104045.5529,94110.058,127817.4541,131350.2933,108033.9551,88333.44244,76487.58178,70496.73632,226014.9414,192623.8698,179142.0371,248677.0714,153064.3959,263975.2719,200435.4124,182912.1983,117761.4227,99304.52946,109428.7513,80878.4244
Unknown 145,,31485.59108,40230.63959,53794.70047,67039.50782,61403.92157,68947.76262,82904.51434,83527.9627,106433.5514,76023.68364,116435.2879,91663.93258,24227,37688.26921,30400.90811,57471.02015,38357.07117,51032.65486,59411.619,49500.13834,41020.44655,144957.842,134789.1422,112388.4687
Unknown 146,,68258.08663,114532.9321,65602.54113,51891.06627,41744.26403,84784.89325,51668.38332,98891.78673,47437.91706,48316.27653,48385.08689,77269.00352,60664.34046,62422.41865,41107.05415,70064.37966,73098.97088,70415.93308,43583.03918,37698.84196,17844.08468,52156.91131,117813.273,41529.68548
Unknown 147,,492623.7709,509225.6467,740868.286,319546.6165,134741.3629,177834.9507,28706.65564,68964.13799,21903,147963.1137,88828.53545,143265.8128,44663.05251,122735.8695,40991.35969,160891.9078,97048.74312,107114.1236,20749.80844,53036.36335,60976.67939,14921.29703,31261.86233,23580.52016
Unknown 148,,0,86530.65744,72682.47184,0,109822.9383,69060.11459,44082.12802,54256.50179,0,0,0,498.1681326,193925.6609,160639.4982,97766.2498,83825.08313,29086.86843,134438.6349,94324.63172,102673.853,78717.89721,326.2095452,50732.52227,5577.106618
Unknown 149,,101516.335,119639.8245,141345.6083,125186.5753,24263.77499,48900.10007,69502.31417,81927.57813,78874.79535,7627.3515,24878.62725,8395.445294,138970.282,122859.6124,87004.17225,121773.3853,96647.37583,133488.2922,93888.36213,63121.48009,48972.40882,112653.9796,128014.9291,90340.038
Unknown 150,,427896.9343,566916.6248,574844.7942,365745.6795,336565.8487,352387.3185,443416.1284,335598.7636,419861.318,274010.8879,248229.2225,250793.4356,408341.7456,355269.5699,299997.2498,264776.0536,232026.2904,420748.6185,322890.3252,239684.8396,209549.5863,195837.1257,194352.0258,140369.3057
Unknown 151,,417533.0405,498259.7587,624405.1272,373902.4041,325735.1861,337632.2712,441261.0608,363521.3456,412445.5975,263292.8733,237449.7628,231318.1414,361121.7641,313912.642,274262.8868,313127.0256,182289.4486,265296.762,282066.8444,157313.7424,140703.6101,180067.2245,186851.1786,142415.8682
Unknown 152,,1116638.563,1267114.861,1706155.968,765756.9076,570855.7704,585983.7086,828557.1953,871716.3024,841871.9519,478817.682,456862.1347,391232.4099,790743.1628,779394.7675,682713.8031,856609.9841,616103.9022,794588.7028,579824.2458,415353.4712,382353.0651,315881.1365,283449.5863,251090.1166
Unknown 153,,58922.49376,67120.66337,69349.57729,88313.82586,54169.58063,48711.56191,114953.4351,290213.5019,162674.3998,63400.06962,88744.28822,55010.65911,24091.59266,69006.6137,69946.22708,67161.24502,52454.11097,78844.16362,57832.20586,39776.68627,26584.98562,121998.5746,113331.4781,110463.1491
Unknown 154,,3610099.026,5302375.262,6465613.307,8449901.975,6952976.092,9055224.101,9766785.168,12231196.64,10034049.04,12792033.24,21729686.34,18572114.55,8112640.423,9594434.264,5384487.608,5478629.461,3974115.576,5741136.388,5396491.337,4184588.561,3572308.58,20550729.27,21656534.05,18463579.92
Unknown 155,,1135388.586,1301361.789,1833973.518,1069372.066,574631.359,669793.8826,1325828.339,1310954.984,1393787.226,763247.2208,745709.5149,589345.1265,854353.8038,784441.7846,746268.177,1174724.618,962958.3012,1174271.814,969677.5156,755641.0917,703357.3027,705633.4909,598763.4134,315133.4677
Unknown 156,,164292.2119,181897.8911,226395.3791,149296.1354,119209.2746,163627.0981,0,0,0,0,0,0,0,0,0,0,0,0,0,0,0,0,0,0
Unknown 157,,101679.4429,108900.4551,140145.6602,116345.6511,32264,57329.77292,211608.3279,214237.4612,219556.7348,76735.57633,102556.534,65601.80472,214904.4568,202299.7454,183268.028,291937.6487,266776.4453,263820.6805,291904.8298,218298.245,220968.0349,132243.9701,143427.2759,130826.416
Unknown 158,,62941.20478,65789.63316,97466.55632,82819.061,11686.86241,37617.66322,55369.05599,58764.14747,63438.63655,0,30828.28667,11173.59324,28015.73265,52475.33328,39883.32688,59679.57783,21046.80989,49564.58223,31400.47803,33792.09147,29798.3438,48087.66972,41833.07859,29669.77188
Unknown 159,,432923.9654,451983.5858,690588.2231,359300.1509,181352.0105,199042.4631,523342.3207,470759.5083,483878.5936,233276.3889,230904.7071,196254.4384,375502.1062,378258.2349,353260.7025,359559.7111,263968.6579,343334.6441,274894.1793,220686.4869,210065.8645,201189.9864,181815.1926,128413.1457
Unknown 160,,47386.61574,50817.23386,73924.18998,47480.88131,17442.71046,21388.63549,60200.6423,64341.50396,55340.17624,38286.45576,38478.68411,25763.27588,35997.77997,27847.13122,22901.13829,86761.95129,59272.23593,70912.64782,89574.90238,72265.67362,51605.49457,67497.50006,56587.27295,42191.8791
Unknown 161,,982533.4466,1139252.474,1429893.16,565595.0689,457625.6121,503830.7192,1592537.589,1520208.493,1724752.107,622003.8475,560913.6001,601193.0662,783070.0828,796862.7546,782822.2483,1117082.187,732098.5485,883839.2005,786446.0732,571702.9426,556992.9583,433071.1349,439110.6698,319250.1062
Unknown 162,,1591924.922,1901907.235,2282336.962,1027249.263,720227.9507,837608.1129,2467864.839,2462810.617,2714979.332,1049866.937,1007526.929,1003140.344,1350679.85,1366939.611,1337794.038,1911295.471,1348160.144,1778211.756,1549656.514,1156290.32,1114887.724,792759.1383,769704.0061,655433.7411
Unknown 163,,2474927.633,2558923.234,2982231.848,2703347.35,2484021.844,2136410.869,1966192.871,1963560.351,1963734.1,1891450.093,1147422.877,1233654.973,1955890.784,1968269.461,1644325.517,1483341.859,1314646.877,1565436.385,1314438.26,1076527.836,788656.6615,1383400.761,1092031.399,842381.0918
Unknown 164,,8662092.711,9416246.439,11905438.54,4652185.289,3955178.157,4138706.147,9162266.532,9351776.748,9575125.969,4602021.352,3965264.107,3962131.674,6047452.449,5594964.418,5707015.057,8331749.884,5544015.657,6915163.685,5637823.284,3937710.202,3693271.882,3281944.659,3074578.568,2555149.725
Unknown 165,,87857.36713,104720.9794,126880.302,26902.44703,49038.05507,49018.32411,36701.83193,22430.47144,105552.12,57551.13314,9328.492492,47913.59047,53377.33503,59174.84549,33384.36972,66249.54382,48600.51221,65744.59087,30108.65293,35548.34448,21334.91893,74253.73812,74419.11511,70059.61942
Unknown 166,,142146.6489,277238.0866,263682.7871,268644.7732,134606.9725,1383833.133,263241.8558,252959.6643,299254.899,2481835.866,365842.5735,70588.07143,77345.68867,149911.0587,197126.0489,204955.5191,217182.598,343558.2109,250154.3057,138164.7944,138728.8474,105989.9673,393346.2394,113439.7606
Unknown 167,,405511.5849,555051.3737,485996.1011,529355.5423,453708.5803,560624.4334,0,0,0,0,0,0,0,0,0,0,0,0,0,0,0,0,0,0
Unknown 168,,7532349.731,8742894.06,11871451.18,5570612.609,3490142.579,4380041.963,14285289,12409623.91,15002212.57,5922443.636,5817913.107,5747368.792,5787465.136,5708573.991,6152098.556,7955368.353,5862560.83,7133818.412,5320474.484,3947552.63,3932598.593,4100906.007,3844009.031,2849013.835
Unknown 169,,170482.9149,202561.8597,0,194294.6997,172886.9537,145781.349,154566.7643,181028.7167,59399.8453,114951.4647,95993.46431,84161.46593,129009.8785,115105.3487,134815.2581,175408.2146,115086.1117,153043.8079,123440.4113,83283.5631,79158.01803,129451.6545,99179.76774,93996.3804
Unknown 170,,104351.6943,129281.1746,126021.5775,270855.8706,30340.79171,271452.6248,200458.1474,194797.2623,258545.8767,209532.8774,197882.9879,133519.3341,158524.2223,191221.8962,140170.8044,234216.4427,204129.5923,208780.4784,179234.5479,121771.899,123012.1979,240469.2399,183528.5587,188702.8567
Unknown 171,,178604.1328,241564.6579,271896.0554,246106.2816,174056.359,231836.6851,161997.7263,182814.4425,162647.1886,225798.6187,250627.8234,216900.727,140765.1866,184898.2761,151726.8928,117804.4126,102852.621,169754.3581,129954.6247,98595.60402,98790.78292,240876.4615,223430.9857,173286.4997
Unknown 172,,63318.60783,69969.12582,59007.90231,64513.86065,53702.06927,61877.87757,124887.0155,134036.5021,138145.7955,47618.93704,119923.2074,90477.50602,73945.31189,66765.59763,65794.52691,79979.412,74266.99768,71067.41784,73283.08255,69724.75287,62788.14371,128911.8042,119055.167,105680.0701
Unknown 173,,62958.19905,50502.60485,192811.5326,31926.9083,72816.17283,44277.05925,175066.1291,189551.3211,172230.6706,46196.96608,175997.1989,104461.8751,87244.41518,129170.4813,243071.1369,176445.9226,267888.9988,296093.5464,168978.9585,40226.6789,47346.591,203442.0018,161178.0325,150107.5556
Unknown 174,,29878.40408,54163.6204,42625.44296,16008.05367,33909.15815,31218.65886,53678.81575,67616.39064,51009.6129,40481.99045,53274.82627,63363.29382,69867.32088,52243.0671,64706.7174,70303.92121,52387.51265,74158.47223,75718.2435,69077.20615,63400.68953,84997.91956,76584.60214,56778.38494
Unknown 175,,284222.7445,328954.5722,326049.1628,287928.2918,128388.0411,170624.7466,296104.0385,268726.2214,263507.243,214149.9643,185504.9361,24838.11054,36154.7424,184713.3295,140258.9124,326848.9185,124074.4305,160655.0307,142688.3474,45641.22418,114978.501,193452.667,193458.7467,98555.62023
Unknown 176,,43033.73268,46687.93841,75123.59236,44313.95101,7888.247734,7610.132638,64051.65685,64740.09411,68282.54055,34514.01256,54581.08652,37827.41296,0,0,0,70091.78986,58886.52742,67660.16734,65900.43912,59579.06336,43679.28228,93913.23299,78397.71836,42993.5417
Unknown 177,,95694.68048,119508.2847,107129.9262,106192.7282,83925.35642,111018.6415,0,0,0,0,0,0,0,0,0,0,0,0,0,0,0,0,0,0
Unknown 178,,764300.3854,940081.5506,1096534.43,833193.1126,496110.3807,576746.1553,777885.7372,791711.1542,829818.308,756913.4447,732906.0942,652075.9709,336091.3554,410602.585,420409.5851,399850.3676,352117.3881,518189.861,342918.1366,304321.32,277998.5144,555801.135,414137.3093,394724.7759
Unknown 179,,174784.6695,173411.0969,114950.9315,352786.7989,280495.0537,312113.6876,166740.8268,182218.5248,210768.3324,121237.0164,93490.03238,163638.6455,140228.9143,69657.94183,107582.4918,107245.9624,103186.1918,85703.96711,42598.83348,44654.81587,75028.73595,90829.18419,147311.233,150022.1791
Unknown 180,,110853.7238,93041.88474,74569.80344,168998.5243,165477.1559,162846.2435,0,0,0,0,0,0,0,0,0,0,0,0,0,0,0,0,0,0
Unknown 181,,1538220.78,2733652.813,2677737.631,2598352.053,2636094.042,3104001.84,10117328.43,12428556.18,9681504.184,6678605.002,9185308.783,12484626.27,1355429.74,1630213.602,1087834.211,1868231.068,1550171.911,2010672.747,2202403.866,2117157.073,1620891.539,9553546.716,11785158.91,10186143.48
Unknown 182,,32197.85494,37831.18646,89598.58393,49180.28655,76401.47032,36572.04378,286246.9729,323508.6759,282629.3438,184499.8174,326698.6787,212351.066,36885.61132,39899.63953,24700.41125,66072.57667,32114.4596,97238.31175,142445.9791,99089.28439,51485.99838,436789.3066,350232.5391,319152.8435
Unknown 183,,78877.19312,108076.7269,132948.6363,117076.0691,69317.98109,97468.19747,410930.9622,535916.0546,443563.4664,259056.6261,444489.8349,326444.3269,78152.7308,99476.04707,68850.42196,121243.5227,91964.31281,210051.7654,169785.6943,132587.4705,151263.7127,615387.3815,431815.5472,471231.9436
Unknown 184,,53677.99801,74866.18382,71359.60603,34416.63436,118958.297,103191.0346,33530.29442,22191.60304,18098.97726,133049.8414,0,361343.4362,57331,92954.19371,43136.09511,50121,40858,60908.61815,35764.86433,41056.89828,25276.09869,116636.5936,143501.0741,173467.2597
Unknown 185,,317552.7167,401045.2114,493222.0754,325436.4789,240574.7768,246855.4469,518357.034,547639.9974,555214.7085,529163.417,525809.9657,473064.5851,108189.0592,98931.06262,114564.8418,262530.4158,194311.8844,333416.96,192465.8373,165931.5528,157109.7552,337252.0215,227383.4519,234012.5296
Unknown 186,,105301.5653,143777.2374,144831.2581,149155.8269,95503.46977,143814.9178,217190.2794,227230.6079,165083.5749,198461.5643,238769.9339,266057.3637,149546.785,131431.4874,139952.3699,65986.49213,18729.96042,41274.36093,24096.77403,24629,985.9942302,6032.068409,240448.7539,181778.7029
Unknown 187,,246301.4272,399844.9242,255598.5793,230686.7916,295735.4451,390773.2501,360197.9891,333259.073,244279.6729,225981.9962,289695.1434,438778.7727,460603.7355,350415.2693,566081.3005,579837.1434,481248.1427,602473.5194,361980.6004,649295.6823,509385.087,813444.1804,594635.2736,417293.8961
Unknown 188,,114242042.7,277340.7548,139678.684,388867.912,200895.3947,354039.7974,292196.0601,300441.4063,293153.224,184744.8865,161346,416473.4952,110400972.2,39543077.34,84363955.03,117003486,28901463.14,131366715.8,93178879.39,85331325.41,22371560.65,484059.1107,428570.083,287008.1164
Unknown 189,,51724741.43,68948982.1,73096282.85,77853274.47,75656077.5,72988621.73,70003750.8,72666702.59,70125084.94,72404902.16,76428589.85,74224306.65,51050245.69,58301657.94,39947358.98,54253070.37,44771359.74,59314823.57,44554391.71,41022536.15,35469624.6,72986634.09,76024512.95,71259067.75
Unknown 190,,706737.4515,956573.2714,889474.4165,719269.1522,649760.7545,660928.5402,634815.6405,622274.1805,688891.7523,743569.102,685661.9487,706267.3763,75317.44333,142120.2987,109010.5003,258840.6424,189479.5179,273049.7966,173964.3506,158953.2498,140466.8293,409721.0021,279565.3591,336293.7348
Unknown 191,,1117161.498,1674176.969,1605628.709,2136069.623,1701545.664,1985241.579,2346921.664,2391734.546,2703121.655,2468727.685,2623073.937,2079439.105,308320.4589,7860.753611,655083.5842,418926.7495,262086.319,543530.2841,0,56308.50982,43385.56543,1049593.94,700687.2774,1270036.319
Unknown 192,,262958.4862,168351.5278,207537.9924,201885.6887,478811.1021,602966.7241,272742.1934,235966.9219,327561.7618,275270.838,263118.6127,294302.7463,223536.687,163606.144,243482.5896,139514.0977,147593.7498,290430.5056,181022.7808,208260.7397,223852.1017,211376.8629,243447.1086,180111.3883
Unknown 193,,26829.76489,32135.09642,62402.32621,112359.331,14164.58761,70611.81894,33662.29908,44452.79231,92090.57474,100293.8983,182286.6228,147760.7787,94074.71525,29866.06354,75053.03513,86591.85859,77200.49718,93801.17378,58074.90112,41943.75075,24690.62466,193503.9973,203157.2919,149010.8079
Unknown 194,,210453.728,306775.555,300077.9477,205042.4744,266537.2915,228177.6372,339550.4782,329134.1412,380180.9457,431834.4854,384369.3553,436726.9116,10744.72429,14971.07601,8292.784139,145695.7301,113023.5191,153022.4138,85522.58318,77874.31687,75032.35371,182525.7216,131614.4496,139974.8213
Unknown 195,,0,0,0,0,2102752.99,712765.4811,1750742.25,3185475.116,1983113.643,0,0,0,0,0,0,0,0,0,0,0,0,0,0,830949.5565
Unknown 196,,187033.5775,327382.9686,271916.2886,407958.8313,1648045.563,546446.5032,1365948.608,2505044.808,1564766.992,410548.9097,257092.5278,467248.1246,55959.61146,59792.95196,34964.59831,135696.9679,128673.9754,81089.13528,307150.3574,301239.4319,283942.1126,302867.0753,230720.862,646942.4613
Unknown 197,,157381.6164,224433.0524,0,0,174978.8942,0,0,379028.4087,0,0,0,0,0,0,0,0,92682.37136,132340.077,100928.1316,69187.57378,63032.01563,0,0,243473.0223
Unknown 198,,1515395.34,1692876.327,1947522.883,1567504.75,1231768.318,1364907.412,1975472.466,2257876.986,1845565.1,1924493.404,1919735.99,1628571.572,3089554.404,3560323.749,2541466.034,2055439.347,1597935.833,2591911.857,2247351.576,1484163.526,1244572.689,2212437.125,1808209.739,1585948.874
Unknown 199,,117140.0053,118580.94,183435.5131,205301.6256,150620.1595,224025.5736,87294.82329,97723.16399,78792.41079,155454.301,102228.7746,131733.4628,0,22912.29479,0,10902.51186,0,15495.82631,13414.99732,56364.12761,59301.25255,0,127223.2899,86740.48018
Unknown 200,,140755.5003,148097.7839,169561.6712,316109.9355,91456.70267,114226.277,248602.5019,254529.2327,261238.6576,222252.1885,180840.1789,148646.9838,306776.736,272800.7165,218980.0829,208399.3963,112727.3739,209871.3563,179879.8383,152071.0947,194564.6178,244313.7715,152773.5717,109959.9763
Unknown 201,,10830547.4,11763985.1,13364978.63,11081889.12,6581304.429,9010414.272,18731965.24,17604079.42,17828161.21,15081219.76,13327239.69,11264782.68,21699145.07,25749263.99,19498852.96,13339210.86,11686588.71,16987344.44,13503355.82,9402500.886,8761523.823,13073744.14,10403198.68,8543665.318
Unknown 202,,143809.9863,171706.8054,190007.9045,197503.0994,13461.3174,169997.154,257027.6447,204366.4693,200030.8467,191905.1025,218768.2892,173946.6511,0,0,0,49958.9659,50798.67612,58711.39618,54155.57197,48282.28479,48089.8362,158251.342,107591.6869,141455.8183
Unknown 203,,905810.6849,1143220.01,2272380.209,8878745.186,5047737.689,5049334.209,6165225.267,8711911.151,6467702.638,2799705.154,3020540.382,2007667.269,1321397.067,1520695.336,934375.2471,3340001.828,2194539.734,1856607.275,6950484.92,6309489.492,4819548.242,9139253.576,5366110.14,5649741.66
Unknown 204,,302766.9654,316034.005,653504.0515,2344173.081,1453340.073,229051.37,1198586.86,1954540.391,1185071.756,638405.56,2182748.56,2427240.252,334832.9017,96386.081,251086.5902,880461.704,88964,617140.8903,1786093.826,1671397.341,1245854.128,2188812.137,2518533.347,3145323.473
Unknown 205,,4512.179792,85835.37682,110289.0086,57806.01089,68607.24601,63402.86817,90922.36557,97801.05605,71882.03933,91999.72947,73462.96897,84663.97988,0,14042.53357,1544.06521,49850.06502,32537.39141,53437.23374,48473.76149,36550.7937,26769.78983,0,50252.67364,39058.61308
Unknown 206,,167841.4005,0,0,0,0,0,287619.1796,287455.7831,272165.0716,0,0,0,0,0,0,0,0,0,0,0,0,84918.73324,0,76589.48591
Unknown 207,,116527.0063,140899.8329,195044.95,163067.4248,140523.4996,160399.8554,672862.9434,805513.876,766570.9706,111930.6373,111001.6165,109110.3916,0,22458.88315,4866.002722,127979.6423,50264.75514,83891.44534,147423.8768,134050.0928,121914.1975,353081.9272,208594.3739,298212.3409
Unknown 208,,77482.26811,96092.38816,111228.8769,108499.4228,97956.97162,102223.2373,105038.7109,112071.2034,104406.6765,120215.5354,117305.2273,111014.5491,85288.05167,112997.0768,82650.99806,108399.205,79095.21768,129062.0595,132938.4513,106877.2802,86307.89136,117534.7435,104012.2891,97173.98168
Unknown 209,,199099.4553,250292.4579,255619.5736,195270.2351,163925.8361,178138.0812,63222.60184,0,152196.2271,145408.2286,36617.18179,116405.41,3343.500102,5457.822369,36842.66102,59533.95172,42598.75796,60764.8875,51775.7488,58336.14632,51765.46366,38661.40255,8973.037329,17915.44991
Unknown 210,,24112.91913,1763.375049,0,4810.103191,30233.13119,0,230930.5496,189212.2975,127529.0469,63494.21598,269831.8075,191455.5919,7105,0,0,37254.09874,0,104264.3351,0,0,0,209194.8627,169810.677,457889.3647
Unknown 211,,557455.6162,776231.2931,954145.3798,0,6179,36142.57122,0,364888.0693,81064.3003,41998.71935,191458.1252,119407.4431,0,0,0,0,0,0,0,0,0,265402.6206,83663.5341,245843.0566
Unknown 212,,147194.8492,257384.1021,197325.6475,567069.2845,453131.2535,476135.2535,41089,41564,0,297452.1706,172538.6459,151595.8641,0,49551,41029.43386,130668.8651,94609.1702,227257.8806,0,697.1299015,19232,77883.64162,84536.41329,108422.0519
Unknown 213,,51377.1316,64167.7697,62106.96353,0,0,36581.34226,62661.54129,48367.27175,70285.11507,57151.8602,0,62488.82981,0,846.5995601,0,1726.468703,13994.80232,19365,0,0,154.5841456,565.6120288,4725.139952,24628.12044
Unknown 214,,248558.2369,211201.5103,274872.8716,139688.931,106163.9515,88344.27046,61574.78398,88695.20884,67870.39589,94609.70375,114639.493,61925.31359,72106.3144,189884.7277,73204.58866,59912.62945,56806.71442,136583.5452,75119.57284,121668.3344,50063.38201,89748.34642,102673.5175,78263.40923
Unknown 215,,0,0,0,0,0,0,478678.8099,463133.9877,507044.4749,526404.3234,412158.0455,0,0,0,0,0,0,0,0,0,0,360611.3104,294992.748,291353.6375
Unknown 216,,0,1513.594159,0,0,0,0,220004.7345,222019.6867,222320.1833,217701.2411,195061.5058,191670.1731,0,0,0,0,0,0,0,0,0,193985.6971,69101.95366,128002.2755
Unknown 217,,155320.7429,140053.6097,120172.0321,114017.6831,119935.5726,144873.2605,0,0,0,0,0,0,0,0,0,0,0,0,0,0,0,0,0,0
Unknown 218,,105914.9082,122615.2716,123525.1228,130212.8504,100599.7603,170490.319,202018.8549,168358.5518,157057.0305,248261.9555,150835.8698,160653.521,99666.40392,86003.50857,55231.69942,79502.47313,0,48689.67377,50174.89015,22234.58102,15196.21001,0,26421.37449,47893.24654
Unknown 219,,124313.4938,109684.027,197643.7632,177862.0652,38851.61696,110556.1831,96960.06204,103240.9255,84281.11402,45495.94533,72655.55627,16862.1856,156890.8526,150698.8244,134407.9081,110930.6658,67852.89869,107185.6547,71394.00668,54478.98494,30176.93765,59324.6938,47262.1001,44906.01543
Unknown 220,,429928.0626,523340.0159,522363.2406,1094674.079,1009201.151,1093756.362,416504.7031,408771.5518,456366.1593,517943.7091,579723.8022,665455.5854,882592.4988,958604.6411,650566.1067,336565.3118,284376.1891,437548.023,295002.1038,128635.6763,160707.2916,445666.3748,363734.5206,398694.5579
Unknown 221,,49456.50793,54438.91894,78126.74398,68781.50073,1436.631471,31836.4361,63046.48596,65264.12936,68542.36716,0,34784.50877,0,902.8541441,606.1157848,33109.62647,77126.58425,0,78028.29353,42244.14901,29570.53923,1246.566936,26602.31859,23009.00034,3549.31925
Unknown 222,,371788.0534,417617.3641,411800.7795,389899.2518,329173.1156,298349.9275,378315.8977,290971.69,380192.3547,366176.1845,569940.5452,445789.7223,441173.8269,519652.5131,330285.2942,313982.2739,330053.6042,500908.1997,352201.4541,242120.9044,149206.7838,385100.2887,483888.1933,472312.8904
Unknown 223,,234280.9955,370183.7139,501043.3473,53068.34635,25717.11685,16888,287187.4596,280023.1105,315487.7731,252223.2862,297030.9918,279189.2594,194801.673,158415.3537,103185.7887,238480.5547,222779.1648,384119.7091,305863.7738,187313.7837,175209.4657,505969.8871,425894.7844,361974.2031
Unknown 224,,5832.703213,30622.45495,528.5709808,41841.43191,68910.72857,84416.70436,52706.76463,28584.0544,0,53518.54031,55202.91042,33103.71406,0,55636.87355,21721.90051,21952.02581,0,58601.14767,63132.55531,43725.80608,1782.476516,0,3004.68662,66538.54763
Unknown 225,,1645216.524,2054060.888,2814759.01,459118.4771,319735.0004,354582.2252,1586664.522,1654959.858,1576390.974,1859584.599,2384775.881,2132293.328,1039953.942,1186177.274,846327.8771,1343306.065,1214037.503,1840053.05,1303948.244,770285.8496,587433.8987,2612312.765,2268061.434,2193622.414
Unknown 226,,351925.6778,492993.4099,305358.5907,0,0,0,4072.488503,1571.870741,202808.8869,389270.5536,550046.9076,442040.9091,0,0,0,0,0,21.70688505,0,0,0,4092.300054,1611.583317,10140.90437
Unknown 227,,24385.3931,61659.34881,0,0,0,0,218937.9854,178443.4089,105304.8546,88410.5603,0,44003.20179,94518.30334,75227.87268,220229.9805,55814.98415,987.3376414,3082.37492,1358.250428,1269.55966,10863.16829,0,321.7999347,851.1840987
Unknown 228,,217630.7295,214347.0748,267134.1581,0,56779.31193,89284.60269,144642.4146,101109.3909,176538.9304,84165.41969,70356.39369,125367.6878,65705.42604,127429.7535,131012.0784,189878.1883,148421.2021,115014.4932,420.6644784,0,2134.788265,44105.80145,41783.3168,43373.94495
Unknown 229,,198363.596,200325.5411,243310.5444,0,573.5159185,0,428.1129773,1005.013165,0,0,0,0,287705.2545,258680.7728,300663.5334,50269.16184,0,0,1559.790757,756.9915938,0,0,0,0